,timestamp,message_id,MMSI,originator,speed,lon,lat,course
0,2021-07-01T00:00:00.000Z,1,211216480,DEU,0,9.144698,53.890628,287.2
1,2021-07-01T00:00:00.000Z,3,211389880,DEU,0,12.091782,54.111268,262
2,2021-07-01T00:00:00.000Z,3,219004002,DNK,0,9.955592,57.59292,327.5
3,2021-07-01T00:00:00.000Z,1,246317000,DEU,0,6.932072,53.330558,102
4,2021-07-01T00:00:00.000Z,18,211188030,DEU,0,10.625778,53.817725,329.5
5,2021-07-01T00:00:00.000Z,1,220053927,DNK,0,8.30514,56.550333,308.8
6,2021-07-01T00:00:00.000Z,1,258126000,NOR,0,5.7296,58.972067,271
7,2021-07-01T00:00:00.000Z,18,257979590,NOR,0,10.529197,59.692022,130.2
8,2021-07-01T00:00:00.000Z,1,311058600,DEU,12.7,10.980893,54.606715,302.3
9,2021-07-01T00:00:00.000Z,1,244740123,NLD,0,4.966818,52.36824,0.2
10,2021-07-01T00:00:00.000Z,3,211350160,DEU,0,10.1573,54.33625,305
11,2021-07-01T00:00:00.000Z,3,211229440,POL,0.1,13.661103,54.146297,360
12,2021-07-01T00:00:00.000Z,18,258995150,NOR,0,10.748122,59.263802,360
13,2021-07-01T00:00:00.000Z,1,220356000,DNK,2.8,12.182877,56.656675,101
14,2021-07-01T00:00:00.000Z,1,211286380,DEU,0,8.48282,53.32942,9.8
15,2021-07-01T00:00:00.000Z,1,244020112,NLD,0,5.31215,52.554038,80
16,2021-07-01T00:00:00.000Z,1,244870150,NLD,0,5.34943,53.16577,50.2
17,2021-07-01T00:00:00.000Z,1,636013054,DEU,13.6,6.057383,54.117933,82
18,2021-07-01T00:00:00.000Z,1,211806530,DEU,0,12.102427,54.109505,266.1
19,2021-07-01T00:00:00.000Z,18,257618810,NOR,0,10.043117,58.999432,0
20,2021-07-01T00:00:00.000Z,18,265004260,DNK,6.6,12.826617,55.288617,86.6
21,2021-07-01T00:00:00.000Z,18,211635380,DEU,0,9.887443,54.90577,176.6
22,2021-07-01T00:00:00.000Z,1,261002110,DEU,0.2,14.291038,53.921583,36
23,2021-07-01T00:00:00.000Z,1,319157400,DNK,13,7.073363,56.322213,211.4
24,2021-07-01T00:00:00.000Z,1,211266470,DEU,0,12.09388,54.154075,353.1
25,2021-07-01T00:00:00.000Z,1,257369000,NOR,0,10.49385,59.41464,337.9
26,2021-07-01T00:00:00.000Z,18,211469880,DEU,0,12.141177,54.092917,161.1
27,2021-07-01T00:00:00.000Z,3,211212630,DEU,0,10.145467,54.357927,327.7
28,2021-07-01T00:00:00.000Z,3,211219990,DNK,0,10.031842,54.53453,13.1
29,2021-07-01T00:00:00.000Z,18,265736920,SWE,0,13.519595,59.365778,360
30,2021-07-01T00:00:00.000Z,3,244660695,NLD,0,4.94602,52.38077,0.2
31,2021-07-01T00:00:00.000Z,3,244660883,NLD,0,5.287748,52.69614,0.5
32,2021-07-01T00:00:01.000Z,1,311058600,DNK,12.7,10.980893,54.606715,302.3
33,2021-07-01T00:00:01.000Z,3,245306000,DEU,8.3,9.472438,54.18012,250
34,2021-07-01T00:00:01.000Z,3,244878000,DEU,0,9.959047,53.479668,0
35,2021-07-01T00:00:01.000Z,3,248744000,DNK,16.7,9.682875,57.609742,56.9
36,2021-07-01T00:00:01.000Z,3,211590310,DEU,0,9.967047,53.526043,0
37,2021-07-01T00:00:01.000Z,1,244658000,NLD,2.3,6.31678,53.57991,280.5
38,2021-07-01T00:00:01.000Z,1,244768000,POL,8.6,13.695235,55.2452,273.6
39,2021-07-01T00:00:01.000Z,1,245235000,DEU,0,6.206852,53.41005,245.8
40,2021-07-01T00:00:01.000Z,1,244030187,DEU,102.3,6.931795,53.331517,360
41,2021-07-01T00:00:01.000Z,1,219022326,SWE,0,11.787515,57.596295,302
42,2021-07-01T00:00:01.000Z,18,211818690,DEU,0,13.65293,54.353398,53.2
43,2021-07-01T00:00:01.000Z,18,219024494,DNK,0.1,12.596208,55.696925,360
44,2021-07-01T00:00:01.000Z,18,211677980,DNK,0,10.985663,54.374947,360
45,2021-07-01T00:00:01.000Z,3,211225350,DEU,0,8.860793,54.12735,281.6
46,2021-07-01T00:00:01.000Z,1,992111995,NLD,0,5.881598,54.32209,0.8
47,2021-07-01T00:00:01.000Z,18,258056720,NOR,0,10.696767,59.907917,312
48,2021-07-01T00:00:01.000Z,1,211437770,DEU,0,9.880608,53.534653,25.8
49,2021-07-01T00:00:01.000Z,3,314189000,DEU,0,8.487705,53.329857,68.4
50,2021-07-01T00:00:01.000Z,1,219786000,DEU,7.2,12.701967,54.744533,55.3
51,2021-07-01T00:00:01.000Z,18,219007731,DNK,0,12.61286,55.695842,0
52,2021-07-01T00:00:01.000Z,18,211388700,DEU,0,11.202957,54.413727,360
53,2021-07-01T00:00:01.000Z,1,232019804,DEU,0.4,6.210587,54.338548,86.7
54,2021-07-01T00:00:01.000Z,1,244660534,NLD,0,5.02152,52.276218,0.2
55,2021-07-01T00:00:01.000Z,3,331184000,DNK,0,10.549278,57.43733,0
56,2021-07-01T00:00:01.000Z,1,209864000,DNK,12.1,13.946318,54.77226,170.7
57,2021-07-01T00:00:01.000Z,1,257095330,NOR,0,5.31495,59.283625,25
58,2021-07-01T00:00:01.000Z,1,265585900,SWE,0.1,11.594062,57.887093,360
59,2021-07-01T00:00:01.000Z,18,265676970,SWE,0,11.40539,58.178088,266.7
60,2021-07-01T00:00:01.000Z,1,211222290,DEU,10.2,7.993587,54.345163,160.5
61,2021-07-01T00:00:01.000Z,1,211243240,DEU,0,10.99036,54.373312,0
62,2021-07-01T00:00:01.000Z,3,244615803,NLD,0,5.119618,52.77061,232.8
63,2021-07-01T00:00:01.000Z,3,266144000,SWE,0,11.228333,58.353267,149
64,2021-07-01T00:00:01.000Z,3,211491110,DEU,0.1,13.64698,54.513953,324.8
65,2021-07-01T00:00:01.000Z,3,244780281,NLD,0,6.200808,53.408352,1.2
66,2021-07-01T00:00:01.000Z,3,244186746,NLD,0,5.437098,52.54256,64
67,2021-07-01T00:00:02.000Z,3,211790400,DEU,0,8.566828,53.176805,360
68,2021-07-01T00:00:02.000Z,18,269106330,DEU,0,9.992553,54.680943,11.8
69,2021-07-01T00:00:02.000Z,18,265692670,SWE,0.1,13.603772,55.393853,343.6
70,2021-07-01T00:00:02.000Z,1,257059420,NOR,0,6.585878,58.097207,360
71,2021-07-01T00:00:02.000Z,1,219006835,DNK,0,11.126265,57.320748,69.8
72,2021-07-01T00:00:02.000Z,1,245279000,DEU,12.3,6.814608,55.758885,29.5
73,2021-07-01T00:00:02.000Z,3,211284340,DEU,0.1,7.8085,53.707303,164
74,2021-07-01T00:00:02.000Z,3,244750001,NLD,0,5.062718,52.63626,1
75,2021-07-01T00:00:02.000Z,3,219016663,SWE,0,12.8922,55.523727,347.4
76,2021-07-01T00:00:02.000Z,1,636018490,NLD,18.7,4.93996,53.80022,19.7
77,2021-07-01T00:00:02.000Z,1,257888500,NOR,0,5.263067,59.14668,360
78,2021-07-01T00:00:02.000Z,1,250000275,DEU,5.1,7.59886,54.392712,177.8
79,2021-07-01T00:00:02.000Z,1,244650483,NLD,0,4.86285,52.41061,0.1
80,2021-07-01T00:00:02.000Z,3,257760000,NOR,0,6.652767,58.2846,336
81,2021-07-01T00:00:02.000Z,3,245496000,DEU,0,11.376417,54.624817,342
82,2021-07-01T00:00:02.000Z,1,215875000,DEU,14.7,9.412882,53.747228,315.1
83,2021-07-01T00:00:02.000Z,1,249119000,DNK,0.4,7.947557,55.765707,210.2
84,2021-07-01T00:00:02.000Z,1,244670757,NLD,0,5.41091,53.17459,305
85,2021-07-01T00:00:02.000Z,3,219016663,DNK,0,12.8922,55.523727,347.4
86,2021-07-01T00:00:02.000Z,3,257273900,NOR,7.7,5.330608,59.301135,174.7
87,2021-07-01T00:00:02.000Z,3,220497000,DEU,6.4,7.502557,54.08564,159.1
88,2021-07-01T00:00:03.000Z,18,257111180,SWE,0.1,10.406527,59.206493,360
89,2021-07-01T00:00:03.000Z,1,244413000,NLD,0,5.21432,53.356348,5.3
90,2021-07-01T00:00:03.000Z,3,245496000,DNK,0,11.376417,54.624817,342
91,2021-07-01T00:00:03.000Z,1,211671000,DEU,0,7.574782,53.675182,233.8
92,2021-07-01T00:00:03.000Z,1,258763000,DEU,10,13.950155,54.645375,112.8
93,2021-07-01T00:00:03.000Z,1,209536000,DNK,8.7,11.031797,55.324277,170.7
94,2021-07-01T00:00:03.000Z,1,265518160,DNK,0.2,12.997305,55.613723,230.6
95,2021-07-01T00:00:03.000Z,3,244620909,NLD,0,5.41331,53.17049,15.1
96,2021-07-01T00:00:03.000Z,1,246238000,NLD,3.5,6.39022,53.602088,98
97,2021-07-01T00:00:03.000Z,3,304734000,DEU,9.2,11.18506,54.596117,295.2
98,2021-07-01T00:00:03.000Z,3,257380700,NOR,0,5.068975,60.393687,360
99,2021-07-01T00:00:03.000Z,3,246253000,DNK,0,12.597767,55.68585,328
100,2021-07-01T00:00:03.000Z,18,265823190,SWE,0,11.846355,57.666898,360
101,2021-07-01T00:00:03.000Z,18,265007420,SWE,0,11.924548,57.527593,164.8
102,2021-07-01T00:00:03.000Z,1,247302900,DNK,16.3,13.290262,54.908663,249.5
103,2021-07-01T00:00:03.000Z,1,271043022,DNK,11.4,13.205222,54.745838,90.6
104,2021-07-01T00:00:03.000Z,1,211169660,DEU,0,8.383957,54.631953,170
105,2021-07-01T00:00:03.000Z,1,244044482,NLD,0.2,4.859,53.045878,0
106,2021-07-01T00:00:03.000Z,1,211327610,DEU,0,8.14995,53.513333,301.1
107,2021-07-01T00:00:03.000Z,3,246152000,DEU,0,6.823642,53.445018,257.2
108,2021-07-01T00:00:03.000Z,1,257586000,NOR,12.8,5.174613,59.934673,335.8
109,2021-07-01T00:00:03.000Z,1,215973000,DEU,10.8,7.673665,54.171617,154.2
110,2021-07-01T00:00:03.000Z,1,265527470,SWE,0,12.546057,56.199205,334.8
111,2021-07-01T00:00:03.000Z,1,244710742,DEU,0,5.775345,53.433882,295.3
112,2021-07-01T00:00:03.000Z,1,211464260,DEU,2,7.890645,53.86511,120.4
113,2021-07-01T00:00:03.000Z,1,219948000,SWE,2.1,10.211038,58.171107,52.8
114,2021-07-01T00:00:03.000Z,1,219026170,SWE,0,11.858082,57.64451,307.2
115,2021-07-01T00:00:03.000Z,1,265732860,SWE,0,12.11178,57.24084,187.9
116,2021-07-01T00:00:03.000Z,1,220343000,SWE,0,10.590705,57.71716,164.2
117,2021-07-01T00:00:03.000Z,1,219709000,DNK,2,5.728108,56.59127,13
118,2021-07-01T00:00:03.000Z,3,244700823,DEU,0,6.922452,53.323672,294.9
119,2021-07-01T00:00:03.000Z,18,211258110,POL,0.1,14.066357,53.748515,360
120,2021-07-01T00:00:03.000Z,18,219003446,DNK,0,10.079745,55.566632,360
121,2021-07-01T00:00:03.000Z,18,257111180,NOR,0.1,10.406527,59.206493,360
122,2021-07-01T00:00:03.000Z,3,244022503,DEU,0,6.689015,53.174512,360
123,2021-07-01T00:00:03.000Z,3,211667590,DEU,0,9.921165,53.543038,342.1
124,2021-07-01T00:00:03.000Z,18,220203000,DNK,0,9.757238,55.56142,360
125,2021-07-01T00:00:03.000Z,18,257911800,NOR,0,8.029812,58.144885,347
126,2021-07-01T00:00:03.000Z,3,246253000,SWE,0,12.597767,55.68585,328
127,2021-07-01T00:00:03.000Z,1,210100000,DEU,0,9.144848,53.893605,32.8
128,2021-07-01T00:00:04.000Z,3,257003560,NOR,0,8.384732,58.246612,292
129,2021-07-01T00:00:04.000Z,1,220295000,DNK,0,9.961312,57.593803,293
130,2021-07-01T00:00:04.000Z,1,211466070,DEU,1.2,8.48987,53.309907,169.9
131,2021-07-01T00:00:04.000Z,3,304734000,DNK,9.2,11.18506,54.596117,295.2
132,2021-07-01T00:00:04.000Z,1,219948000,DNK,2.1,10.211038,58.171107,52.8
133,2021-07-01T00:00:04.000Z,1,212949000,DNK,14.5,9.879467,57.704133,237.4
134,2021-07-01T00:00:04.000Z,18,211684590,DEU,0,9.674852,53.57508,360
135,2021-07-01T00:00:04.000Z,1,377661000,DNK,9,11.791187,56.648113,222.8
136,2021-07-01T00:00:04.000Z,1,257028000,NOR,0,5.200008,60.099813,329.2
137,2021-07-01T00:00:04.000Z,3,212702000,NLD,0,5.4291,53.18954,0.6
138,2021-07-01T00:00:04.000Z,3,246154000,DEU,0,6.82111,53.444995,202.5
139,2021-07-01T00:00:04.000Z,3,244670596,NLD,0,5.435288,52.51929,275.6
140,2021-07-01T00:00:04.000Z,18,941208183,NOR,0.2,6.707402,58.018688,286.1
141,2021-07-01T00:00:04.000Z,1,244070202,NLD,0,5.419108,53.175848,0.6
142,2021-07-01T00:00:04.000Z,18,211709180,DEU,0,12.100778,54.111607,0
143,2021-07-01T00:00:04.000Z,1,258657000,NOR,9.6,4.937443,59.343752,170.2
144,2021-07-01T00:00:04.000Z,1,304219000,DEU,11.9,7.961035,53.852823,101.4
145,2021-07-01T00:00:04.000Z,1,219015425,DEU,1.6,8.508935,53.603687,169.8
146,2021-07-01T00:00:04.000Z,1,244126309,NLD,0,5.22488,53.365248,0.4
147,2021-07-01T00:00:04.000Z,18,219019434,DNK,0.1,10.379637,55.059592,196.8
148,2021-07-01T00:00:04.000Z,3,211815690,DEU,0,8.555658,53.180935,360
149,2021-07-01T00:00:04.000Z,1,565975000,DEU,12,7.068163,55.05613,356.2
150,2021-07-01T00:00:04.000Z,1,244793000,DEU,7.6,6.142365,53.870417,17
151,2021-07-01T00:00:04.000Z,1,211267780,NOR,10.7,6.562215,57.649732,297.3
152,2021-07-01T00:00:04.000Z,1,229294000,DEU,5.9,9.9377,53.534608,336.4
153,2021-07-01T00:00:05.000Z,3,244790047,NLD,0,5.429048,53.18951,34.2
154,2021-07-01T00:00:05.000Z,3,246774000,DEU,8.6,13.44625,54.702717,87.8
155,2021-07-01T00:00:05.000Z,3,219019287,DNK,0,9.961627,57.59364,332.6
156,2021-07-01T00:00:05.000Z,1,244157000,NLD,2.7,5.951078,53.53355,255.8
157,2021-07-01T00:00:05.000Z,18,244050821,DEU,6.3,7.620222,53.883418,63.5
158,2021-07-01T00:00:05.000Z,18,265605900,SWE,0,11.663532,57.707222,31.1
159,2021-07-01T00:00:05.000Z,1,211611070,DEU,8.3,9.301737,54.033325,186.2
160,2021-07-01T00:00:05.000Z,3,244130717,DEU,1.4,6.840693,53.477857,122.6
161,2021-07-01T00:00:05.000Z,18,211452200,DEU,0,12.097907,54.183387,134.9
162,2021-07-01T00:00:05.000Z,18,211331120,DEU,0,11.921753,54.579993,360
163,2021-07-01T00:00:05.000Z,1,355729000,DEU,0.8,7.356808,54.318868,150.8
164,2021-07-01T00:00:05.000Z,18,257046840,NOR,0,5.195292,60.048808,0
165,2021-07-01T00:00:05.000Z,3,265540720,SWE,2.4,11.878352,57.818313,292.1
166,2021-07-01T00:00:05.000Z,1,211437290,DEU,0,9.955692,53.544587,301.7
167,2021-07-01T00:00:05.000Z,1,220622000,DNK,0.1,7.90007,57.19681,128.4
168,2021-07-01T00:00:05.000Z,1,244670644,NLD,0,5.36353,52.87379,0.5
169,2021-07-01T00:00:05.000Z,1,219065000,DNK,0,8.120833,56.369008,339.7
170,2021-07-01T00:00:05.000Z,1,211245550,DEU,0,9.150792,53.899665,294
171,2021-07-01T00:00:05.000Z,1,265754450,SWE,0,12.744428,55.993288,329.1
172,2021-07-01T00:00:05.000Z,1,211701670,DEU,0,9.876478,53.537137,360
173,2021-07-01T00:00:05.000Z,18,211519160,DEU,0,10.213683,54.399692,220.4
174,2021-07-01T00:00:05.000Z,18,265798280,SWE,0,12.743287,55.993723,24.3
175,2021-07-01T00:00:05.000Z,18,211456240,DEU,0,9.53207,54.21589,360
176,2021-07-01T00:00:05.000Z,18,211311470,DEU,0,9.416413,53.784717,360
177,2021-07-01T00:00:05.000Z,3,211207640,DEU,0,8.486873,53.315455,201.9
178,2021-07-01T00:00:05.000Z,1,265754450,DNK,0,12.744428,55.993288,329.1
179,2021-07-01T00:00:05.000Z,1,219573000,DEU,0,8.264167,54.800333,6
180,2021-07-01T00:00:05.000Z,3,314206000,DEU,0,9.51046,53.654672,168
181,2021-07-01T00:00:05.000Z,3,244690886,DEU,0,6.932007,53.330365,298.4
182,2021-07-01T00:00:05.000Z,1,211230440,DEU,0,7.190095,53.338858,248.7
183,2021-07-01T00:00:05.000Z,1,257267500,NOR,0,8.384403,58.246645,292.2
184,2021-07-01T00:00:05.000Z,3,211130000,DEU,0,8.584062,53.503877,0
185,2021-07-01T00:00:05.000Z,3,220204000,DNK,0.3,7.959482,56.298323,166.4
186,2021-07-01T00:00:05.000Z,3,211798120,DEU,0,7.206223,53.365197,124.7
187,2021-07-01T00:00:05.000Z,3,265540720,DNK,2.4,11.878352,57.818313,292.1
188,2021-07-01T00:00:05.000Z,18,219008177,DNK,0.1,10.924522,56.40977,360
189,2021-07-01T00:00:06.000Z,3,244150086,DNK,0,8.162327,55.408932,359.4
190,2021-07-01T00:00:06.000Z,3,231837000,SWE,0,11.795192,57.693578,85.8
191,2021-07-01T00:00:06.000Z,3,245184000,NOR,0,9.575537,59.112638,99.8
192,2021-07-01T00:00:06.000Z,3,211378190,DEU,0.1,9.985887,53.466707,212.2
193,2021-07-01T00:00:06.000Z,1,211225760,DEU,0,11.453252,53.8968,296.1
194,2021-07-01T00:00:06.000Z,1,211533590,DEU,0,10.15501,54.369977,1.3
195,2021-07-01T00:00:06.000Z,3,244650668,NLD,0,4.955608,52.38383,0.2
196,2021-07-01T00:00:06.000Z,1,244860718,NLD,0.4,5.442708,52.53376,348.5
197,2021-07-01T00:00:06.000Z,1,211246320,DEU,0,13.654417,54.149367,355.9
198,2021-07-01T00:00:06.000Z,18,258005930,NOR,0.3,10.475108,59.106363,9.4
199,2021-07-01T00:00:06.000Z,18,257985870,NOR,0,10.482235,59.819927,170.1
200,2021-07-01T00:00:06.000Z,1,211524710,DEU,0,10.354947,53.430583,360
201,2021-07-01T00:00:06.000Z,1,218515000,DEU,0,7.15512,53.62185,360
202,2021-07-01T00:00:06.000Z,1,211227550,DNK,0.1,11.191617,54.419617,197.1
203,2021-07-01T00:00:06.000Z,3,244740191,NLD,0,4.94815,52.3711,0.2
204,2021-07-01T00:00:06.000Z,1,265797590,DNK,0,12.823572,55.867907,360
205,2021-07-01T00:00:06.000Z,3,211670820,DEU,0,8.87737,53.058267,360
206,2021-07-01T00:00:06.000Z,1,249776000,SWE,11.9,10.124937,57.785203,71.5
207,2021-07-01T00:00:06.000Z,18,265812710,SWE,0,11.344288,58.349515,59.1
208,2021-07-01T00:00:06.000Z,1,244250477,NLD,0,5.438438,52.530238,0.6
209,2021-07-01T00:00:06.000Z,18,219022342,DNK,0,10.502177,57.493555,360
210,2021-07-01T00:00:06.000Z,1,265599930,SWE,0,11.145183,58.876287,360
211,2021-07-01T00:00:06.000Z,3,209098000,SWE,0,11.858348,57.688375,270.6
212,2021-07-01T00:00:06.000Z,3,231837000,DNK,0,11.795192,57.693578,85.8
213,2021-07-01T00:00:06.000Z,1,211202460,DEU,0,8.555047,53.566982,140.3
214,2021-07-01T00:00:06.000Z,1,304010455,DEU,8.2,6.713903,53.870113,253.8
215,2021-07-01T00:00:06.000Z,1,245262000,NLD,2.5,5.95933,53.53704,253.5
216,2021-07-01T00:00:06.000Z,1,219015595,DNK,0,10.617423,55.061527,0
217,2021-07-01T00:00:06.000Z,18,265712630,SWE,0,11.274315,58.624607,165.1
218,2021-07-01T00:00:06.000Z,3,244150086,DEU,0,8.162327,55.408932,359.4
219,2021-07-01T00:00:06.000Z,3,244060083,NOR,0,9.622092,59.117215,354.6
220,2021-07-01T00:00:06.000Z,3,244078810,NLD,0,4.86354,52.3968,0.1
221,2021-07-01T00:00:06.000Z,3,211590370,DEU,0,9.968163,53.52121,0
222,2021-07-01T00:00:07.000Z,1,219018492,DNK,0,9.958433,57.594717,150.9
223,2021-07-01T00:00:07.000Z,3,231846000,SWE,0,11.815805,58.07718,75
224,2021-07-01T00:00:07.000Z,18,257117900,NOR,0,5.08877,60.276158,360
225,2021-07-01T00:00:07.000Z,1,247356400,SWE,0.1,12.836783,55.14415,38.9
226,2021-07-01T00:00:07.000Z,3,220435000,DEU,0,10.232437,55.095652,196.5
227,2021-07-01T00:00:07.000Z,1,244630788,NLD,0.2,6.200078,53.408308,169.3
228,2021-07-01T00:00:07.000Z,1,258996620,NOR,7.9,8.160143,57.684943,155.5
229,2021-07-01T00:00:07.000Z,3,563761000,DNK,0,11.094538,55.67515,157.7
230,2021-07-01T00:00:07.000Z,3,245136000,DEU,0,12.091833,54.179,354.8
231,2021-07-01T00:00:07.000Z,3,244250595,NLD,0,6.200828,53.40795,1.2
232,2021-07-01T00:00:07.000Z,3,244790715,SWE,11.7,13.280633,58.707233,7.9
233,2021-07-01T00:00:07.000Z,18,211356400,DEU,0.1,13.64566,54.512623,129.8
234,2021-07-01T00:00:07.000Z,1,219005901,DNK,0,8.121452,56.368332,12.6
235,2021-07-01T00:00:07.000Z,1,211257820,DEU,0,9.878603,53.536712,252.3
236,2021-07-01T00:00:07.000Z,3,219023648,DNK,0,11.370685,55.972145,207.6
237,2021-07-01T00:00:07.000Z,3,261003090,POL,0.1,14.264972,53.905087,242.1
238,2021-07-01T00:00:07.000Z,1,255806468,DEU,0,10.124457,54.367495,186.3
239,2021-07-01T00:00:07.000Z,1,244766000,NLD,6,5.06507,53.384108,77.5
240,2021-07-01T00:00:07.000Z,1,211732010,DEU,0,9.41782,53.8784,360
241,2021-07-01T00:00:07.000Z,3,246221000,NLD,0,6.197668,53.40987,1.1
242,2021-07-01T00:00:07.000Z,1,219013226,DNK,0,11.708133,55.72015,23.2
243,2021-07-01T00:00:07.000Z,1,211512360,DEU,0,9.971557,53.52668,360
244,2021-07-01T00:00:07.000Z,1,304011026,SWE,8.7,12.406282,56.166168,131.1
245,2021-07-01T00:00:07.000Z,1,211741680,DEU,0,9.9331,54.629038,360
246,2021-07-01T00:00:07.000Z,1,219437000,NLD,19.8,5.036778,53.977187,24.6
247,2021-07-01T00:00:07.000Z,1,245449000,DEU,2.5,6.342712,53.596545,242.2
248,2021-07-01T00:00:07.000Z,18,211763370,DEU,0,10.414332,54.89012,114.6
249,2021-07-01T00:00:07.000Z,18,257638350,NOR,0,5.243558,60.417362,0
250,2021-07-01T00:00:07.000Z,1,244890031,DNK,6.4,9.410595,57.553935,66.5
251,2021-07-01T00:00:07.000Z,1,211471210,DEU,5.9,9.915297,53.540997,94.8
252,2021-07-01T00:00:07.000Z,1,266404000,NOR,2,10.83147,58.852812,178.2
253,2021-07-01T00:00:07.000Z,1,244409000,DEU,0,6.202712,53.468888,321.7
254,2021-07-01T00:00:07.000Z,1,211696930,DEU,0,8.486927,53.315225,360
255,2021-07-01T00:00:07.000Z,1,244050272,NLD,0,5.08989,53.296648,0.3
256,2021-07-01T00:00:07.000Z,1,211772470,DEU,0,12.09588,54.170448,304.4
257,2021-07-01T00:00:07.000Z,18,211222770,POL,0.1,14.271905,53.912678,360
258,2021-07-01T00:00:08.000Z,3,211752580,DEU,0,9.697915,54.310963,360
259,2021-07-01T00:00:08.000Z,3,219017203,DNK,0,10.535353,55.471328,238.5
260,2021-07-01T00:00:08.000Z,1,244130458,NLD,0,5.04323,52.46035,355.7
261,2021-07-01T00:00:08.000Z,1,211781030,DEU,0,9.950407,53.50628,360
262,2021-07-01T00:00:08.000Z,1,215087000,DEU,17.7,12.978768,54.84798,240.4
263,2021-07-01T00:00:08.000Z,1,232013113,SWE,0,10.590162,57.716905,233.8
264,2021-07-01T00:00:08.000Z,18,219025508,DNK,0,12.588705,55.712047,134.9
265,2021-07-01T00:00:08.000Z,18,257851070,NOR,0,10.62345,59.677603,233.2
266,2021-07-01T00:00:08.000Z,3,244700453,NLD,0,4.85828,52.405978,0.1
267,2021-07-01T00:00:08.000Z,1,257012240,SWE,0,10.870845,59.077553,360
268,2021-07-01T00:00:08.000Z,1,248744000,DNK,16.7,9.683613,57.60999,57.8
269,2021-07-01T00:00:08.000Z,3,247302900,DNK,16.4,13.28952,54.908508,249.6
270,2021-07-01T00:00:08.000Z,3,220435000,DNK,0,10.232437,55.095652,196.5
271,2021-07-01T00:00:08.000Z,3,257601000,NOR,0,9.581923,59.105127,165.6
272,2021-07-01T00:00:08.000Z,1,244660009,DEU,0,8.241822,53.141592,310.2
273,2021-07-01T00:00:08.000Z,18,211548400,DEU,0,7.449312,53.219037,0
274,2021-07-01T00:00:08.000Z,18,211237300,DEU,0,12.429503,54.246227,9.3
275,2021-07-01T00:00:08.000Z,1,219964000,DEU,8.1,12.35507,55.121502,307.3
276,2021-07-01T00:00:08.000Z,1,257846800,SWE,0,10.48964,59.411143,294.2
277,2021-07-01T00:00:08.000Z,3,244090696,NLD,0,5.08922,53.296428,0.3
278,2021-07-01T00:00:08.000Z,1,244750785,DEU,0.1,7.060252,53.144033,188.8
279,2021-07-01T00:00:08.000Z,18,257049980,NOR,0.2,10.041775,58.998815,131.5
280,2021-07-01T00:00:08.000Z,18,227291110,SWE,0,12.573987,55.850322,225.3
281,2021-07-01T00:00:08.000Z,18,211556240,DEU,0,9.792863,54.898,360
282,2021-07-01T00:00:08.000Z,18,211763370,DNK,0,10.414332,54.89012,114.6
283,2021-07-01T00:00:08.000Z,1,308241000,NOR,12.5,9.0092,57.571348,61.7
284,2021-07-01T00:00:08.000Z,1,244660712,NLD,0,6.160658,53.408328,316.6
285,2021-07-01T00:00:08.000Z,3,352842000,NOR,0.1,5.234632,59.293518,210.4
286,2021-07-01T00:00:09.000Z,3,259395000,NOR,0.1,4.885032,59.312258,275.2
287,2021-07-01T00:00:09.000Z,1,220516000,NOR,12.5,7.911947,57.628265,261
288,2021-07-01T00:00:09.000Z,1,247440700,DNK,0.4,14.233082,55.105655,269
289,2021-07-01T00:00:09.000Z,18,219006078,DNK,0,12.612602,55.695325,319.6
290,2021-07-01T00:00:09.000Z,3,258352500,NOR,0,5.93377,59.733682,85
291,2021-07-01T00:00:09.000Z,1,219459000,DNK,12.5,10.64932,57.849133,270
292,2021-07-01T00:00:09.000Z,1,211215730,DNK,0,10.146592,54.361762,111
293,2021-07-01T00:00:09.000Z,1,265547260,SWE,0.1,11.84219,57.661537,192.2
294,2021-07-01T00:00:09.000Z,1,266150000,SWE,0,11.662883,57.706497,149.4
295,2021-07-01T00:00:09.000Z,1,211588680,DEU,0,10.002093,53.52597,118
296,2021-07-01T00:00:09.000Z,18,211348150,DNK,0,12.462688,54.954247,25.4
297,2021-07-01T00:00:09.000Z,3,211262590,DEU,0,10.147833,54.362383,176.8
298,2021-07-01T00:00:09.000Z,3,211507500,DEU,0,7.159857,53.625443,350
299,2021-07-01T00:00:09.000Z,3,244690902,NLD,0,5.1057,52.616588,87.9
300,2021-07-01T00:00:09.000Z,1,355584000,NLD,0,5.21469,53.356188,306.5
301,2021-07-01T00:00:09.000Z,1,244700231,NLD,0,5.637988,52.36238,3.7
302,2021-07-01T00:00:09.000Z,1,244730367,NLD,0,5.28865,52.69699,93.1
303,2021-07-01T00:00:09.000Z,1,992111833,NLD,0,6.5945,54.000332,1.5
304,2021-07-01T00:00:09.000Z,18,211293040,DEU,0,13.755562,54.122752,11.3
305,2021-07-01T00:00:09.000Z,18,265587800,SWE,0,11.169863,58.939362,0
306,2021-07-01T00:00:09.000Z,18,211649920,DEU,0.2,13.099188,54.317973,360
307,2021-07-01T00:00:09.000Z,18,244070159,DEU,0,6.93061,53.329592,298.4
308,2021-07-01T00:00:09.000Z,18,219002955,SWE,0,12.615668,56.036837,0
309,2021-07-01T00:00:09.000Z,1,219443000,SWE,2,10.134517,58.207587,47
310,2021-07-01T00:00:09.000Z,18,219015318,DNK,0,9.960738,57.592838,131.7
311,2021-07-01T00:00:09.000Z,18,258011740,NOR,0,10.418432,59.085735,360
312,2021-07-01T00:00:09.000Z,3,244890298,NLD,0,5.416278,52.50381,322.2
313,2021-07-01T00:00:09.000Z,3,244236641,NLD,0,4.89827,52.390528,0.1
314,2021-07-01T00:00:09.000Z,1,266306000,DNK,2.7,11.628413,57.548538,174.5
315,2021-07-01T00:00:09.000Z,1,257116000,NOR,0,5.16438,60.012917,344.3
316,2021-07-01T00:00:09.000Z,1,244750255,NLD,0,4.897328,52.378668,0.1
317,2021-07-01T00:00:09.000Z,1,210113000,DEU,11,10.658528,54.553117,86.3
318,2021-07-01T00:00:09.000Z,3,244830188,NLD,0,4.853858,53.043338,0.1
319,2021-07-01T00:00:09.000Z,3,304036000,NLD,0,4.86955,52.40562,0.1
320,2021-07-01T00:00:09.000Z,3,211363120,DEU,0,7.33941,53.325662,360
321,2021-07-01T00:00:09.000Z,3,257045610,NOR,0,5.161667,60.360833,87
322,2021-07-01T00:00:10.000Z,1,229801000,DEU,2.7,8.550673,53.57586,177.3
323,2021-07-01T00:00:10.000Z,3,219024957,DEU,0.2,5.77326,54.329758,149.7
324,2021-07-01T00:00:10.000Z,1,219007027,SWE,0,10.583623,57.715098,360
325,2021-07-01T00:00:10.000Z,3,219945000,SWE,11.5,11.6915,57.034383,160.6
326,2021-07-01T00:00:10.000Z,3,246329000,NLD,0,5.412548,53.17084,354.7
327,2021-07-01T00:00:10.000Z,3,257781000,NOR,0,5.322823,60.395083,213.9
328,2021-07-01T00:00:10.000Z,1,257556800,SWE,0,10.470657,59.24466,276.9
329,2021-07-01T00:00:10.000Z,1,211265240,DEU,0,9.525242,53.627637,250.1
330,2021-07-01T00:00:10.000Z,3,211384950,DEU,0,7.896328,54.175687,32.6
331,2021-07-01T00:00:10.000Z,1,257066040,NOR,0,10.948557,59.036067,0
332,2021-07-01T00:00:10.000Z,18,265682070,DNK,0,12.761257,56.315798,178.8
333,2021-07-01T00:00:10.000Z,3,211264670,DEU,0.1,11.005573,54.372858,190.7
334,2021-07-01T00:00:10.000Z,18,244670785,DEU,6.9,7.566795,53.873163,75.5
335,2021-07-01T00:00:10.000Z,3,257734000,NOR,0,5.669817,58.99935,294.2
336,2021-07-01T00:00:10.000Z,1,236111618,NOR,17.6,10.889683,57.75785,133
337,2021-07-01T00:00:10.000Z,1,261002060,DEU,0,14.253937,53.891445,52.7
338,2021-07-01T00:00:10.000Z,1,257036200,NOR,0,5.714585,58.99154,228.1
339,2021-07-01T00:00:10.000Z,1,244677000,DNK,0,11.353642,54.650248,14.5
340,2021-07-01T00:00:10.000Z,1,211711570,NLD,0.2,5.087958,53.297248,132.6
341,2021-07-01T00:00:10.000Z,1,235063155,DEU,5.2,7.703988,53.92345,77.6
342,2021-07-01T00:00:10.000Z,1,246164000,NLD,0,5.214828,53.356048,46
343,2021-07-01T00:00:10.000Z,18,257718390,NOR,0,9.589257,58.866653,360
344,2021-07-01T00:00:10.000Z,18,257795160,NOR,0,9.746488,59.032818,360
345,2021-07-01T00:00:10.000Z,18,211525210,DEU,0,10.984498,54.374835,360
346,2021-07-01T00:00:10.000Z,18,257051320,NOR,0,5.272617,60.322563,360
347,2021-07-01T00:00:10.000Z,18,265682070,SWE,0,12.761257,56.315798,178.8
348,2021-07-01T00:00:10.000Z,18,258158460,NOR,0,5.376632,60.14074,360
349,2021-07-01T00:00:10.000Z,1,211392000,DEU,6.7,8.400688,53.712253,84.1
350,2021-07-01T00:00:10.000Z,18,219022032,DNK,0,9.981955,56.654022,21.3
351,2021-07-01T00:00:10.000Z,18,257383900,NOR,0.1,9.572767,58.858978,360
352,2021-07-01T00:00:10.000Z,3,219106000,DNK,0.5,6.758422,57.0148,123
353,2021-07-01T00:00:10.000Z,1,244677000,DEU,0,11.353642,54.650248,14.5
354,2021-07-01T00:00:10.000Z,1,211614010,DEU,0.1,9.156298,53.897372,185.8
355,2021-07-01T00:00:10.000Z,3,219945000,DNK,11.5,11.6915,57.034383,160.6
356,2021-07-01T00:00:10.000Z,1,257571000,NOR,8.4,5.176733,60.2149,146.2
357,2021-07-01T00:00:10.000Z,1,211724500,SWE,5.4,13.651225,54.453693,292
358,2021-07-01T00:00:10.000Z,3,219000127,DNK,0,11.126127,55.331648,165.5
359,2021-07-01T00:00:10.000Z,18,257560090,NOR,0,10.532687,59.682145,360
360,2021-07-01T00:00:10.000Z,18,257089960,NOR,0,5.516927,59.718838,360
361,2021-07-01T00:00:11.000Z,1,230693000,DEU,8.3,6.612795,53.850305,253.7
362,2021-07-01T00:00:11.000Z,1,265034000,DNK,0,10.58994,57.717575,255.7
363,2021-07-01T00:00:11.000Z,3,211229440,DEU,0.1,13.661103,54.146297,360
364,2021-07-01T00:00:11.000Z,1,258545000,NOR,0,7.149125,58.038837,193.6
365,2021-07-01T00:00:11.000Z,3,244615000,DEU,0,12.106333,54.155833,57
366,2021-07-01T00:00:11.000Z,1,211445190,DEU,0,9.449703,54.17583,360
367,2021-07-01T00:00:11.000Z,1,266166000,DNK,0,11.662825,57.707578,105
368,2021-07-01T00:00:11.000Z,1,257465000,NOR,0,10.22805,59.126257,301.7
369,2021-07-01T00:00:11.000Z,1,248659000,SWE,17,14.128773,55.03243,59.7
370,2021-07-01T00:00:11.000Z,1,218856000,DEU,7.6,9.669572,54.291498,252.6
371,2021-07-01T00:00:11.000Z,3,265522730,DNK,0,12.744435,55.993218,4.7
372,2021-07-01T00:00:11.000Z,18,258989570,NOR,0,8.077117,58.162455,161.5
373,2021-07-01T00:00:11.000Z,3,265522730,SWE,0,12.744435,55.993218,4.7
374,2021-07-01T00:00:11.000Z,3,258538000,NOR,0,10.244942,59.730803,28.9
375,2021-07-01T00:00:11.000Z,3,312629000,DNK,10.8,11.532865,57.326575,339.7
376,2021-07-01T00:00:11.000Z,3,257468000,NOR,0,5.312935,60.400878,20.6
377,2021-07-01T00:00:11.000Z,1,311027600,DNK,12.9,11.030578,55.38097,327
378,2021-07-01T00:00:11.000Z,3,270259000,DEU,0,10.348053,53.43005,0
379,2021-07-01T00:00:11.000Z,1,275510000,DEU,11.4,7.388708,55.66573,188.9
380,2021-07-01T00:00:11.000Z,1,257714500,NOR,0,5.319838,59.765847,209.1
381,2021-07-01T00:00:11.000Z,1,244700538,NLD,0,4.884378,52.403738,0.1
382,2021-07-01T00:00:11.000Z,1,219028965,DNK,0,8.218638,56.701175,341.3
383,2021-07-01T00:00:11.000Z,1,311058600,DEU,12.7,10.979868,54.60709,302.4
384,2021-07-01T00:00:11.000Z,1,636016908,DEU,0,7.806003,54.062457,61.5
385,2021-07-01T00:00:11.000Z,18,211280680,DEU,0,8.79272,53.080135,360
386,2021-07-01T00:00:11.000Z,1,219330000,SWE,0,11.660007,57.706573,8.9
387,2021-07-01T00:00:11.000Z,1,246317000,DEU,0,6.932068,53.330558,102
388,2021-07-01T00:00:11.000Z,18,211161470,DEU,0,10.945248,54.13362,0
389,2021-07-01T00:00:11.000Z,3,209867000,POL,14.3,13.488192,54.90936,331.9
390,2021-07-01T00:00:11.000Z,3,211445200,DEU,0,9.14929,53.899287,360
391,2021-07-01T00:00:11.000Z,1,211547640,DEU,0,9.971085,53.545,360
392,2021-07-01T00:00:11.000Z,1,265706790,DNK,0.1,11.768938,57.691868,140.2
393,2021-07-01T00:00:11.000Z,1,219002624,DNK,0,7.874797,55.509002,0
394,2021-07-01T00:00:11.000Z,18,219000654,DNK,0,12.61426,55.689045,360
395,2021-07-01T00:00:11.000Z,3,312629000,SWE,10.8,11.532865,57.326575,339.7
396,2021-07-01T00:00:11.000Z,3,266062000,SWE,0,12.272655,57.059025,360
397,2021-07-01T00:00:12.000Z,3,538009299,DNK,13.2,10.573253,57.804527,89.4
398,2021-07-01T00:00:12.000Z,18,219011289,DNK,0,10.499285,54.927405,0
399,2021-07-01T00:00:12.000Z,1,259428000,NOR,0,5.207105,60.298707,300.3
400,2021-07-01T00:00:12.000Z,3,219016838,DNK,0,10.343288,56.243088,229.6
401,2021-07-01T00:00:12.000Z,1,244013186,NLD,0.2,5.07096,52.33327,153.8
402,2021-07-01T00:00:12.000Z,1,244110926,NLD,0,4.909698,52.373328,0.2
403,2021-07-01T00:00:12.000Z,18,257115890,NOR,0,8.767273,58.423547,360
404,2021-07-01T00:00:12.000Z,3,244615000,DNK,0,12.106333,54.155833,57
405,2021-07-01T00:00:12.000Z,1,211332630,NLD,6.8,5.88428,53.61159,129.8
406,2021-07-01T00:00:12.000Z,1,245999000,NLD,0,5.419208,53.181818,304.6
407,2021-07-01T00:00:12.000Z,1,244260346,NLD,0,4.90635,52.382388,0.2
408,2021-07-01T00:00:12.000Z,1,218257000,DEU,0,8.5662,53.566128,58.7
409,2021-07-01T00:00:12.000Z,1,636015008,DEU,0.1,7.427913,54.048455,3
410,2021-07-01T00:00:12.000Z,18,219024144,DNK,0,12.602155,55.724038,360
411,2021-07-01T00:00:12.000Z,18,211784990,DNK,0,11.121532,57.320363,360
412,2021-07-01T00:00:12.000Z,18,219024144,SWE,0,12.602155,55.724038,360
413,2021-07-01T00:00:12.000Z,18,257943210,NOR,0,8.384643,58.246525,360
414,2021-07-01T00:00:12.000Z,18,257014900,NOR,0,5.15632,60.113118,0
415,2021-07-01T00:00:12.000Z,3,236125000,DEU,0,11.863537,54.766622,332.8
416,2021-07-01T00:00:12.000Z,3,538009299,NOR,13.2,10.573253,57.804527,89.4
417,2021-07-01T00:00:12.000Z,1,244759000,DEU,1,5.974402,53.541833,101
418,2021-07-01T00:00:12.000Z,18,257971390,NOR,0,5.847055,58.931513,360
419,2021-07-01T00:00:12.000Z,3,211750930,DEU,0.1,7.316663,52.986183,183.2
420,2021-07-01T00:00:12.000Z,1,244180499,NLD,0,5.08744,53.29748,0.3
421,2021-07-01T00:00:12.000Z,1,211643790,DEU,0,9.956028,53.544802,6.1
422,2021-07-01T00:00:12.000Z,3,244668000,DEU,7.9,6.123188,54.2203,355.9
423,2021-07-01T00:00:12.000Z,3,236125000,DNK,0,11.863537,54.766622,332.8
424,2021-07-01T00:00:12.000Z,3,211594520,DEU,0,9.30937,54.062957,360
425,2021-07-01T00:00:13.000Z,3,305484000,SWE,0,12.694157,56.029035,215.1
426,2021-07-01T00:00:13.000Z,18,257269700,NOR,0,7.976213,58.107448,0
427,2021-07-01T00:00:13.000Z,1,265251000,SWE,6.1,11.01397,58.507088,163.8
428,2021-07-01T00:00:13.000Z,1,258144500,SWE,0,10.948102,59.128733,360
429,2021-07-01T00:00:13.000Z,1,215973000,DEU,10.8,7.674035,54.171167,154.2
430,2021-07-01T00:00:13.000Z,3,244690935,NLD,0,5.04086,52.92271,0.2
431,2021-07-01T00:00:13.000Z,18,244670310,DEU,4.2,7.713418,53.897117,63.5
432,2021-07-01T00:00:13.000Z,3,211690000,DEU,0,8.1614,53.535567,0.1
433,2021-07-01T00:00:13.000Z,18,257408900,NOR,0,6.676963,58.230727,51.8
434,2021-07-01T00:00:13.000Z,3,219136000,DEU,0,8.15445,53.589517,310.9
435,2021-07-01T00:00:13.000Z,3,257425000,NOR,0,7.988598,58.140382,360
436,2021-07-01T00:00:13.000Z,1,211757370,DEU,0,10.039713,53.529503,360
437,2021-07-01T00:00:13.000Z,1,244759000,NLD,1.2,5.97442,53.54179,104.9
438,2021-07-01T00:00:13.000Z,1,232025210,DEU,0.1,7.175065,55.068148,247
439,2021-07-01T00:00:13.000Z,3,244710338,NLD,0,5.83158,52.566398,353
440,2021-07-01T00:00:13.000Z,18,219007511,SWE,0,12.309543,56.125865,337.9
441,2021-07-01T00:00:13.000Z,18,219020661,DNK,0.1,9.556735,55.706795,360
442,2021-07-01T00:00:13.000Z,1,211771970,DEU,0,8.802083,53.075905,360
443,2021-07-01T00:00:13.000Z,1,211227530,DEU,0,12.727733,54.370918,306.3
444,2021-07-01T00:00:13.000Z,18,265650770,SWE,0.1,11.582353,58.226385,340.3
445,2021-07-01T00:00:13.000Z,18,211429320,DNK,0,10.410513,54.89365,118.7
446,2021-07-01T00:00:13.000Z,18,219003541,DNK,0,12.04345,54.89238,8.8
447,2021-07-01T00:00:13.000Z,18,941211100,NOR,0.2,8.124477,58.065842,8.1
448,2021-07-01T00:00:13.000Z,3,211284350,DEU,0,8.494692,53.340395,275.1
449,2021-07-01T00:00:14.000Z,18,219007855,DNK,0,8.303452,56.551057,195.9
450,2021-07-01T00:00:14.000Z,18,219026358,DNK,0,12.591767,55.716513,360
451,2021-07-01T00:00:14.000Z,1,244830231,DEU,0,6.849087,53.444792,360
452,2021-07-01T00:00:14.000Z,1,245119000,NLD,0,5.19002,53.020747,300.2
453,2021-07-01T00:00:14.000Z,1,257963000,NOR,7.8,5.079128,60.017705,110.4
454,2021-07-01T00:00:14.000Z,1,244130717,DEU,1.4,6.840788,53.477827,121.9
455,2021-07-01T00:00:14.000Z,3,211397620,DEU,0,10.98758,54.372887,0
456,2021-07-01T00:00:14.000Z,3,211669950,DEU,0,9.935532,53.518193,360
457,2021-07-01T00:00:14.000Z,18,211422380,DEU,0,13.098012,54.31798,360
458,2021-07-01T00:00:14.000Z,1,219024411,DNK,0,8.590252,57.11791,344.9
459,2021-07-01T00:00:14.000Z,1,244690719,NLD,0,5.40485,52.56895,74
460,2021-07-01T00:00:14.000Z,1,219014162,DNK,0,8.600525,57.122437,262.1
461,2021-07-01T00:00:14.000Z,3,245276000,DEU,6.6,5.882198,53.612962,127.2
462,2021-07-01T00:00:14.000Z,3,266266000,DNK,11.5,9.133657,57.43995,57.9
463,2021-07-01T00:00:14.000Z,1,244647000,DEU,0,13.598703,54.481413,43
464,2021-07-01T00:00:14.000Z,3,941999999,DNK,0.1,8.600627,57.119335,272.7
465,2021-07-01T00:00:14.000Z,1,229630000,DNK,8.7,9.332667,54.130833,21
466,2021-07-01T00:00:14.000Z,1,244112000,NLD,0,5.0376,52.93378,307
467,2021-07-01T00:00:14.000Z,1,265513540,SWE,0,12.2669,58.267402,0
468,2021-07-01T00:00:14.000Z,1,244890175,NLD,0,5.07519,52.492882,149.6
469,2021-07-01T00:00:14.000Z,3,211337780,DEU,0,11.457153,53.899127,323.5
470,2021-07-01T00:00:14.000Z,1,244175000,DEU,0,6.205987,53.409665,295.6
471,2021-07-01T00:00:14.000Z,3,211397620,DNK,0,10.98758,54.372887,0
472,2021-07-01T00:00:14.000Z,1,992111941,NLD,0,6.560018,53.994448,1.5
473,2021-07-01T00:00:14.000Z,1,244690909,NLD,0,4.85094,52.420668,0.1
474,2021-07-01T00:00:14.000Z,18,257035060,NOR,0,5.363668,59.778007,33.4
475,2021-07-01T00:00:14.000Z,18,211109550,DEU,0,10.212427,54.400222,139.3
476,2021-07-01T00:00:14.000Z,3,219005068,DNK,0,11.16032,55.171418,323
477,2021-07-01T00:00:14.000Z,3,353083000,DEU,0,7.184102,53.341052,347.5
478,2021-07-01T00:00:14.000Z,3,246238000,DEU,3.7,6.39092,53.602083,86.5
479,2021-07-01T00:00:14.000Z,18,257105350,NOR,0,10.765548,59.829667,360
480,2021-07-01T00:00:14.000Z,3,235059765,DNK,0,12.709652,56.008733,196.1
481,2021-07-01T00:00:14.000Z,3,211760030,DEU,0,9.972317,53.544725,360
482,2021-07-01T00:00:15.000Z,3,211757470,DNK,0,8.600568,57.123767,360
483,2021-07-01T00:00:15.000Z,3,218172000,DEU,0,9.829997,53.546433,102.1
484,2021-07-01T00:00:15.000Z,3,244870881,NLD,0,4.89326,52.38465,0.1
485,2021-07-01T00:00:15.000Z,1,244170442,NLD,0,4.970428,52.376818,0.2
486,2021-07-01T00:00:15.000Z,1,244730659,NLD,0,5.28693,52.696178,173.1
487,2021-07-01T00:00:15.000Z,1,255801570,DNK,16.7,9.732343,58.365655,27.7
488,2021-07-01T00:00:15.000Z,1,230631000,DEU,19.3,11.532212,54.20251,62.1
489,2021-07-01T00:00:15.000Z,1,215087000,DNK,17.7,12.977893,54.847692,240.3
490,2021-07-01T00:00:15.000Z,1,244820385,NLD,0,4.890638,52.390628,0.1
491,2021-07-01T00:00:15.000Z,18,265686110,SWE,0.1,11.386115,58.230343,41.8
492,2021-07-01T00:00:15.000Z,3,247302900,DEU,16.3,13.288778,54.908353,249.5
493,2021-07-01T00:00:15.000Z,3,211586760,DEU,0,12.086433,54.11133,0
494,2021-07-01T00:00:15.000Z,18,211288060,DEU,0,10.172267,54.430083,85.6
495,2021-07-01T00:00:15.000Z,18,258290560,NOR,0,10.463272,59.42905,151.9
496,2021-07-01T00:00:15.000Z,3,211590050,DEU,0,8.575718,53.528722,293.2
497,2021-07-01T00:00:15.000Z,3,257052700,NOR,0,6.668182,58.233222,304.4
498,2021-07-01T00:00:15.000Z,1,246993000,SWE,10.2,11.179225,57.732352,299.7
499,2021-07-01T00:00:15.000Z,1,219026172,NOR,0,9.95837,57.59269,190.8
500,2021-07-01T00:00:15.000Z,1,257146640,NOR,0,10.873303,59.078907,360
501,2021-07-01T00:00:15.000Z,1,266052000,SWE,0,11.857542,57.64646,303.9
502,2021-07-01T00:00:15.000Z,1,257265000,NOR,0,6.546845,60.071307,222
503,2021-07-01T00:00:15.000Z,1,372002000,NLD,10.5,6.130138,53.75302,150.5
504,2021-07-01T00:00:15.000Z,1,245595000,DEU,0,13.65947,54.14724,360
505,2021-07-01T00:00:15.000Z,18,211288330,DEU,0,7.16455,53.702395,360
506,2021-07-01T00:00:15.000Z,18,258989190,NOR,0,8.719272,58.391115,360
507,2021-07-01T00:00:15.000Z,18,211426010,DEU,0.8,10.17182,54.42795,115.7
508,2021-07-01T00:00:15.000Z,18,257009850,SWE,0,10.785695,59.21207,347.6
509,2021-07-01T00:00:15.000Z,1,211168000,DEU,3,6.647328,53.559862,39.6
510,2021-07-01T00:00:15.000Z,1,538006249,DEU,12.4,5.192522,54.543248,195
511,2021-07-01T00:00:15.000Z,1,211226330,DEU,102.3,9.15104,53.899688,360
512,2021-07-01T00:00:15.000Z,1,232013231,NLD,0,5.997018,54.044508,66.1
513,2021-07-01T00:00:15.000Z,1,244100974,NLD,0,5.061008,52.63494,300.1
514,2021-07-01T00:00:15.000Z,1,636014783,DEU,13.6,11.892055,54.407647,92.2
515,2021-07-01T00:00:15.000Z,1,205245890,NLD,6.4,4.894558,52.38993,165.6
516,2021-07-01T00:00:15.000Z,18,262057200,NOR,0,10.725513,59.907422,243.2
517,2021-07-01T00:00:16.000Z,3,219015793,DNK,0,8.223047,56.693073,329.3
518,2021-07-01T00:00:16.000Z,3,211720760,DEU,0,7.281575,53.316807,360
519,2021-07-01T00:00:16.000Z,3,265799080,SWE,0,11.776813,57.573557,360
520,2021-07-01T00:00:16.000Z,18,219028486,DNK,0.1,9.87828,57.056725,360
521,2021-07-01T00:00:16.000Z,18,257013620,NOR,0,10.60187,59.897483,26.8
522,2021-07-01T00:00:16.000Z,3,244326000,NLD,0,6.93485,53.33224,95.8
523,2021-07-01T00:00:16.000Z,1,211247340,DEU,0,13.655405,54.148705,32.7
524,2021-07-01T00:00:16.000Z,1,211787790,DEU,0,13.729912,54.137832,343.9
525,2021-07-01T00:00:16.000Z,1,211560830,DEU,0,9.602153,53.58238,145.9
526,2021-07-01T00:00:16.000Z,1,230624000,DNK,9,6.582352,55.48415,326
527,2021-07-01T00:00:16.000Z,1,211704040,DEU,0,8.497432,53.353308,360
528,2021-07-01T00:00:16.000Z,1,244750969,NLD,0,5.773438,53.43325,144.3
529,2021-07-01T00:00:16.000Z,1,210095000,DEU,15.5,13.825932,54.493902,153
530,2021-07-01T00:00:16.000Z,18,211561680,DEU,0.1,11.003893,54.371998,0
531,2021-07-01T00:00:16.000Z,18,257548470,NOR,0,5.743155,58.852735,349.1
532,2021-07-01T00:00:16.000Z,18,211761700,DEU,0,9.863433,54.753222,360
533,2021-07-01T00:00:16.000Z,18,219019646,SWE,0,12.536215,55.953832,360
534,2021-07-01T00:00:16.000Z,1,211701630,NLD,0.2,5.59635,52.65887,338.3
535,2021-07-01T00:00:16.000Z,1,992111736,NLD,0,5.74408,54.304118,0.8
536,2021-07-01T00:00:16.000Z,1,219016759,DNK,0.1,10.925302,56.409133,38.7
537,2021-07-01T00:00:16.000Z,1,244095541,NLD,0,5.3835,52.255568,0.5
538,2021-07-01T00:00:16.000Z,3,211639300,DEU,0,9.978578,53.542407,360
539,2021-07-01T00:00:16.000Z,1,219028268,DNK,4,6.539125,56.452342,352.1
540,2021-07-01T00:00:16.000Z,1,244780406,NLD,0,5.00362,52.353068,0.2
541,2021-07-01T00:00:16.000Z,1,244730456,NLD,0,5.599598,52.657748,0.6
542,2021-07-01T00:00:16.000Z,18,265569760,DEU,0,11.197137,54.412777,1.8
543,2021-07-01T00:00:16.000Z,1,211762670,DEU,0,9.955347,53.544718,174.8
544,2021-07-01T00:00:16.000Z,3,270547000,DEU,0,7.448777,53.221307,5.1
545,2021-07-01T00:00:16.000Z,1,265020000,SWE,0,12.487175,56.891972,293
546,2021-07-01T00:00:16.000Z,1,211364330,DNK,0,8.29485,54.758783,295.5
547,2021-07-01T00:00:16.000Z,1,211372010,NLD,0,5.549028,52.33205,0.6
548,2021-07-01T00:00:16.000Z,1,211611680,DEU,0,9.958203,53.54494,156.8
549,2021-07-01T00:00:16.000Z,1,244070864,NLD,0,5.29993,52.70515,0.5
550,2021-07-01T00:00:16.000Z,1,253366000,DNK,0,8.454833,55.453133,291
551,2021-07-01T00:00:16.000Z,1,244347000,DEU,8.8,9.882557,54.356075,298.7
552,2021-07-01T00:00:16.000Z,1,277573000,DNK,10.3,12.671237,55.187405,359.3
553,2021-07-01T00:00:16.000Z,18,257009850,NOR,0,10.785695,59.21207,347.6
554,2021-07-01T00:00:16.000Z,1,220099000,NOR,0.7,10.396305,58.800323,330.9
555,2021-07-01T00:00:16.000Z,18,219021167,DNK,0,12.375052,55.254027,287.9
556,2021-07-01T00:00:16.000Z,18,257588190,NOR,0,9.702497,59.045582,360
557,2021-07-01T00:00:16.000Z,3,211295740,DEU,0,9.965723,53.545583,360
558,2021-07-01T00:00:16.000Z,1,259859000,NOR,0,5.263285,59.400207,299.9
559,2021-07-01T00:00:16.000Z,3,218515000,DEU,0,7.15512,53.62185,360
560,2021-07-01T00:00:16.000Z,3,245779000,NLD,0,5.111938,52.852358,19.5
561,2021-07-01T00:00:16.000Z,18,265528280,SWE,0,11.463542,58.24967,0
562,2021-07-01T00:00:16.000Z,3,377764000,NOR,0,5.746802,58.871047,68.7
563,2021-07-01T00:00:17.000Z,1,538006369,DEU,13.7,5.094025,53.996902,20.6
564,2021-07-01T00:00:17.000Z,1,244780609,NLD,0,5.402218,52.56044,91.5
565,2021-07-01T00:00:17.000Z,1,211807720,DEU,0,10.688018,53.876992,0
566,2021-07-01T00:00:17.000Z,3,236111925,DNK,0,13.03352,55.62448,310.6
567,2021-07-01T00:00:17.000Z,1,245832000,NLD,0,6.162138,53.47695,1.1
568,2021-07-01T00:00:17.000Z,1,246776000,DEU,9.4,7.317428,55.003463,63.5
569,2021-07-01T00:00:17.000Z,1,251757000,DNK,0,10.583853,57.716123,223.3
570,2021-07-01T00:00:17.000Z,3,246457000,NOR,5,5.324,58.854333,101
571,2021-07-01T00:00:17.000Z,3,257609000,NOR,0,5.133162,60.301923,360
572,2021-07-01T00:00:17.000Z,1,257979790,NOR,0,9.54696,58.857193,0
573,2021-07-01T00:00:17.000Z,1,219002827,DNK,0,10.585708,57.717738,294.9
574,2021-07-01T00:00:17.000Z,1,244127869,NLD,0,5.400248,53.055148,0.5
575,2021-07-01T00:00:17.000Z,1,261007170,POL,0,14.265243,53.904428,225.2
576,2021-07-01T00:00:17.000Z,18,219023054,DNK,0,9.898047,57.057645,354.9
577,2021-07-01T00:00:17.000Z,1,211805140,DEU,0.1,11.37886,54.63844,79.2
578,2021-07-01T00:00:17.000Z,1,220071000,DNK,6.1,7.859752,56.82459,297.7
579,2021-07-01T00:00:17.000Z,1,219000734,SWE,0,10.92225,57.296783,351
580,2021-07-01T00:00:17.000Z,1,219013708,DNK,0,8.565543,55.088422,21.8
581,2021-07-01T00:00:17.000Z,1,992111911,NLD,0,6.415598,54.08757,1.3
582,2021-07-01T00:00:17.000Z,3,211769830,DEU,0,8.1278,53.617952,128.8
583,2021-07-01T00:00:17.000Z,18,258112780,SWE,0,10.933373,59.08142,354.8
584,2021-07-01T00:00:17.000Z,18,258177930,NOR,0,5.150203,60.421745,266.1
585,2021-07-01T00:00:17.000Z,3,258569000,NOR,0,5.794437,59.791043,334.6
586,2021-07-01T00:00:17.000Z,18,211658870,DEU,0.1,10.21318,54.400982,175.4
587,2021-07-01T00:00:17.000Z,3,210095000,POL,15.4,13.826652,54.493155,154
588,2021-07-01T00:00:17.000Z,3,339327000,SWE,0,11.693333,58.302597,288.6
589,2021-07-01T00:00:17.000Z,1,255806272,SWE,9.6,12.290158,56.52354,344.8
590,2021-07-01T00:00:17.000Z,1,244810821,NLD,0,5.359858,52.8874,354.1
591,2021-07-01T00:00:17.000Z,1,219006157,SWE,2.6,11.741728,57.372972,23.7
592,2021-07-01T00:00:17.000Z,1,244013133,NLD,0,5.13112,52.33884,0.3
593,2021-07-01T00:00:17.000Z,1,538009004,SWE,11,11.832243,56.657958,20.4
594,2021-07-01T00:00:17.000Z,3,236111925,SWE,0,13.03352,55.62448,310.6
595,2021-07-01T00:00:17.000Z,18,211254100,DEU,0.1,11.18948,54.420462,360
596,2021-07-01T00:00:17.000Z,18,258993130,NOR,0,10.582638,59.66699,167.8
597,2021-07-01T00:00:17.000Z,1,219008904,DNK,102.3,11.88484,54.997525,360
598,2021-07-01T00:00:17.000Z,18,265786790,SWE,0,12.916448,55.584408,336.8
599,2021-07-01T00:00:17.000Z,18,211708320,DEU,0,10.980992,54.378387,201.7
600,2021-07-01T00:00:17.000Z,1,244007244,NLD,0,5.44419,52.53432,0.6
601,2021-07-01T00:00:17.000Z,1,219025574,NLD,9.9,4.93119,53.552398,251.8
602,2021-07-01T00:00:17.000Z,1,219001431,DEU,0,9.671097,54.999203,194
603,2021-07-01T00:00:17.000Z,3,211212440,DEU,0,10.8123,54.097427,254.6
604,2021-07-01T00:00:18.000Z,3,219018864,DEU,0,8.534217,53.579217,331
605,2021-07-01T00:00:18.000Z,3,219106000,NOR,0.5,6.758443,57.014793,117
606,2021-07-01T00:00:18.000Z,18,257808490,NOR,0.6,5.238315,60.255847,360
607,2021-07-01T00:00:18.000Z,1,244110963,DEU,0,6.208105,53.409958,293
608,2021-07-01T00:00:18.000Z,1,244002225,NLD,0,4.86849,52.401968,0.1
609,2021-07-01T00:00:18.000Z,1,265527030,DNK,0,11.794007,57.599093,0
610,2021-07-01T00:00:18.000Z,1,257075210,NOR,0,11.288932,58.435698,360
611,2021-07-01T00:00:18.000Z,1,218413000,DEU,3.8,11.93712,54.386148,181.4
612,2021-07-01T00:00:18.000Z,1,244573022,NLD,0,4.994228,52.37725,0.2
613,2021-07-01T00:00:18.000Z,1,211786100,DEU,0.1,13.907483,54.241342,332.1
614,2021-07-01T00:00:18.000Z,1,219019934,DEU,1.5,6.577442,54.070385,56.3
615,2021-07-01T00:00:18.000Z,3,266474000,DNK,0,10.224863,56.148598,188.5
616,2021-07-01T00:00:18.000Z,3,211745870,DEU,0,6.820018,53.446138,269.9
617,2021-07-01T00:00:18.000Z,18,219015604,DNK,0,8.217943,56.699065,360
618,2021-07-01T00:00:18.000Z,1,266461000,DNK,1.5,10.779462,58.056643,6.4
619,2021-07-01T00:00:18.000Z,3,219026522,NOR,0,9.617405,59.123832,300.1
620,2021-07-01T00:00:18.000Z,1,371845000,DNK,0,10.663477,55.449963,160.8
621,2021-07-01T00:00:18.000Z,1,244008656,NLD,0,5.040248,52.460972,0.2
622,2021-07-01T00:00:18.000Z,1,266461000,SWE,1.5,10.779462,58.056643,6.4
623,2021-07-01T00:00:18.000Z,1,211590370,DEU,0,9.968182,53.521213,0
624,2021-07-01T00:00:18.000Z,1,257071700,NOR,0.1,5.73806,58.97241,294.1
625,2021-07-01T00:00:18.000Z,1,246032000,NLD,6.8,5.54853,54.22029,126
626,2021-07-01T00:00:18.000Z,1,212357000,DEU,7.7,6.689833,54.196833,270
627,2021-07-01T00:00:18.000Z,18,211222770,DEU,0.1,14.271905,53.912678,360
628,2021-07-01T00:00:18.000Z,1,211513130,DEU,0,9.50986,53.656,309.1
629,2021-07-01T00:00:18.000Z,18,265722860,SWE,0.1,11.754248,57.609315,0
630,2021-07-01T00:00:18.000Z,18,257012800,NOR,0,8.7541,58.426068,360
631,2021-07-01T00:00:18.000Z,18,211773000,DNK,8.2,12.699372,55.093147,240
632,2021-07-01T00:00:18.000Z,3,211411940,DEU,0,8.712233,53.861865,133.7
633,2021-07-01T00:00:18.000Z,1,245449000,DEU,2.3,6.342532,53.596478,253.7
634,2021-07-01T00:00:18.000Z,1,219438000,DNK,0.1,4.91046,56.482242,257.8
635,2021-07-01T00:00:18.000Z,1,257058500,NOR,0,10.423148,59.259825,298.2
636,2021-07-01T00:00:18.000Z,1,992111819,NLD,0,6.347938,54.165228,149.6
637,2021-07-01T00:00:18.000Z,18,265786790,DNK,0,12.916448,55.584408,336.8
638,2021-07-01T00:00:18.000Z,18,211708320,DNK,0,10.980992,54.378387,201.7
639,2021-07-01T00:00:18.000Z,3,261003090,DEU,0.1,14.264972,53.905087,242.1
640,2021-07-01T00:00:18.000Z,1,992111913,NLD,0,6.447278,54.01638,1.3
641,2021-07-01T00:00:18.000Z,1,244615814,NLD,0,5.38139,52.25679,102.3
642,2021-07-01T00:00:18.000Z,1,244750240,NLD,0,4.896298,52.37929,0.1
643,2021-07-01T00:00:18.000Z,3,244780821,NLD,0,4.910288,52.373298,0.2
644,2021-07-01T00:00:18.000Z,1,244750286,NLD,0,4.928328,52.38327,0.2
645,2021-07-01T00:00:18.000Z,1,244670860,DEU,0,7.20935,53.34807,116.4
646,2021-07-01T00:00:18.000Z,3,258004560,NOR,0,5.739502,58.979295,245.5
647,2021-07-01T00:00:19.000Z,1,992111834,NLD,0,6.61983,54.000332,1.5
648,2021-07-01T00:00:19.000Z,1,211517900,DEU,0,8.515352,53.73898,290.6
649,2021-07-01T00:00:19.000Z,1,244090796,NLD,0,5.076168,53.295668,134.1
650,2021-07-01T00:00:19.000Z,1,992111737,NLD,0,5.807218,54.27608,0.8
651,2021-07-01T00:00:19.000Z,18,211289550,DNK,0,10.667055,55.453862,360
652,2021-07-01T00:00:19.000Z,1,244192397,NLD,0,5.118198,52.770068,0.3
653,2021-07-01T00:00:19.000Z,1,992111966,NLD,0,6.54044,54.073768,1.3
654,2021-07-01T00:00:19.000Z,18,258805810,NOR,0,7.45266,58.02441,360
655,2021-07-01T00:00:19.000Z,1,219000647,DNK,21.9,9.50477,55.041342,245.4
656,2021-07-01T00:00:19.000Z,1,211319670,DEU,6.8,6.937623,53.74996,252.6
657,2021-07-01T00:00:19.000Z,1,992111917,NLD,0,6.471118,54.08002,1.3
658,2021-07-01T00:00:19.000Z,1,265754490,SWE,0,11.539752,57.989755,360
659,2021-07-01T00:00:19.000Z,1,211209510,DEU,0,12.088932,54.113873,323.4
660,2021-07-01T00:00:19.000Z,1,244541000,DEU,6,5.580863,54.218672,290.1
661,2021-07-01T00:00:19.000Z,1,211795250,DNK,5,7.468532,56.153915,12.5
662,2021-07-01T00:00:19.000Z,1,266139000,DNK,2.3,12.215083,56.941265,243.2
663,2021-07-01T00:00:19.000Z,18,211728080,DEU,0,10.803998,53.891822,212.1
664,2021-07-01T00:00:19.000Z,1,265177000,DNK,1.5,11.942135,57.701352,91.9
665,2021-07-01T00:00:19.000Z,18,219007932,DNK,0,10.834168,54.933712,0
666,2021-07-01T00:00:19.000Z,1,219002177,DEU,0,11.37199,54.935975,297.2
667,2021-07-01T00:00:19.000Z,1,244009421,NLD,0,5.41579,53.177828,209.3
668,2021-07-01T00:00:19.000Z,1,244730277,DEU,0,6.8279,53.444232,222.5
669,2021-07-01T00:00:19.000Z,3,246175000,NLD,0,5.719788,53.435268,0.8
670,2021-07-01T00:00:19.000Z,3,211296810,DEU,0,9.834913,54.47407,360
671,2021-07-01T00:00:19.000Z,3,219001239,DNK,0,10.581295,57.716097,360
672,2021-07-01T00:00:19.000Z,3,211224680,DEU,0,7.155835,53.621758,292
673,2021-07-01T00:00:20.000Z,1,992111969,NLD,0,6.568678,54.00431,1.5
674,2021-07-01T00:00:20.000Z,1,246189000,DEU,3.5,5.663783,53.492683,113.5
675,2021-07-01T00:00:20.000Z,3,265504700,SWE,0,11.593785,57.886828,105.4
676,2021-07-01T00:00:20.000Z,3,231809000,SWE,0,11.895102,57.687243,51.4
677,2021-07-01T00:00:20.000Z,18,219007694,DNK,0,12.612607,55.695865,113.6
678,2021-07-01T00:00:20.000Z,3,211515990,DEU,0,9.40329,53.735083,360
679,2021-07-01T00:00:20.000Z,1,219026750,DEU,0,13.582282,54.480222,61.4
680,2021-07-01T00:00:20.000Z,1,244210290,NLD,0.2,5.11041,52.77037,95.5
681,2021-07-01T00:00:20.000Z,1,211283440,DEU,0,10.106938,54.37008,174.4
682,2021-07-01T00:00:20.000Z,18,244010643,DEU,0,9.793438,54.89954,131.6
683,2021-07-01T00:00:20.000Z,1,244006098,NLD,0.4,5.225028,53.36481,339.3
684,2021-07-01T00:00:20.000Z,3,215941000,NLD,0,4.86037,52.406688,0.1
685,2021-07-01T00:00:20.000Z,3,219024891,DEU,0,7.162078,53.624228,0
686,2021-07-01T00:00:20.000Z,1,211594530,DEU,0,9.299507,54.018907,360
687,2021-07-01T00:00:20.000Z,3,244620640,DEU,0,6.944615,53.318163,256.5
688,2021-07-01T00:00:20.000Z,1,211209290,DEU,0,8.807698,54.497688,168
689,2021-07-01T00:00:20.000Z,1,992111968,NLD,0,6.55179,54.08924,1.3
690,2021-07-01T00:00:20.000Z,1,218094000,DEU,0,7.342227,53.322973,12.2
691,2021-07-01T00:00:20.000Z,3,244750201,NLD,0,5.43447,52.533728,0.5
692,2021-07-01T00:00:20.000Z,1,219004119,DNK,0,10.924385,57.296183,296.5
693,2021-07-01T00:00:20.000Z,1,211464420,DEU,0.8,8.219737,54.003207,96.2
694,2021-07-01T00:00:20.000Z,1,244660280,NLD,0,5.21491,53.35607,171.3
695,2021-07-01T00:00:20.000Z,18,205318310,DNK,0.1,12.67489,55.90745,228.9
696,2021-07-01T00:00:20.000Z,1,229976000,DEU,0,9.919278,53.543328,340.6
697,2021-07-01T00:00:20.000Z,1,245202000,NLD,0,5.775228,53.436228,28.1
698,2021-07-01T00:00:20.000Z,1,244060249,NLD,0,5.42037,52.96588,0.6
699,2021-07-01T00:00:20.000Z,3,211240870,DEU,0,10.145163,54.323552,276.9
700,2021-07-01T00:00:21.000Z,1,244750408,NLD,0,5.402688,52.496448,356.7
701,2021-07-01T00:00:21.000Z,3,244650142,NLD,0,5.600598,52.660018,215.3
702,2021-07-01T00:00:21.000Z,3,266319000,SWE,0.8,12.162083,57.06325,225.5
703,2021-07-01T00:00:21.000Z,3,244660002,NLD,0,4.93477,52.37833,0.2
704,2021-07-01T00:00:21.000Z,3,576259000,SWE,0.5,14.205492,55.090987,58.2
705,2021-07-01T00:00:21.000Z,18,258310130,SWE,0,11.164243,58.943627,186.6
706,2021-07-01T00:00:21.000Z,18,219023691,SWE,0,12.60261,55.762818,28.5
707,2021-07-01T00:00:21.000Z,18,203245306,DEU,0,8.706323,53.873797,360
708,2021-07-01T00:00:21.000Z,3,244780351,NLD,0,4.900848,52.377102,0.1
709,2021-07-01T00:00:21.000Z,1,244180952,NLD,0,4.89572,52.39899,0.1
710,2021-07-01T00:00:21.000Z,1,219022165,DNK,2.7,7.503162,57.48053,268.2
711,2021-07-01T00:00:21.000Z,3,244658000,DEU,2.3,6.316678,53.579962,280
712,2021-07-01T00:00:21.000Z,18,265018910,DNK,0,12.687272,56.04859,219
713,2021-07-01T00:00:21.000Z,1,211667930,DEU,0,8.661145,53.128318,76.7
714,2021-07-01T00:00:21.000Z,1,244050126,NLD,0,4.88603,52.404128,0.1
715,2021-07-01T00:00:21.000Z,1,219024597,DNK,0,10.529917,55.468563,261
716,2021-07-01T00:00:21.000Z,1,992111977,NLD,0,6.56441,54.0858,1.5
717,2021-07-01T00:00:21.000Z,1,230631000,DEU,19.3,11.53275,54.202675,61.9
718,2021-07-01T00:00:21.000Z,1,244790619,NLD,0,5.247418,52.312128,0.4
719,2021-07-01T00:00:21.000Z,3,576259000,DNK,0.5,14.205492,55.090987,58.2
720,2021-07-01T00:00:21.000Z,18,219023691,DNK,0,12.60261,55.762818,28.5
721,2021-07-01T00:00:21.000Z,3,244780355,NLD,0,4.90068,52.377177,0.1
722,2021-07-01T00:00:21.000Z,1,211769510,NLD,0,5.404118,52.94588,0.5
723,2021-07-01T00:00:21.000Z,1,257060500,DNK,0,10.67941,55.041228,247.4
724,2021-07-01T00:00:21.000Z,1,246474000,POL,12.4,12.44935,54.687,236
725,2021-07-01T00:00:21.000Z,18,211374650,DNK,0,9.862537,54.753115,75.2
726,2021-07-01T00:00:21.000Z,3,257231500,NOR,0,6.807882,58.094923,46.2
727,2021-07-01T00:00:21.000Z,1,244810225,DEU,0,9.978123,53.542237,331.1
728,2021-07-01T00:00:21.000Z,18,265018910,SWE,0,12.687272,56.04859,219
729,2021-07-01T00:00:21.000Z,1,211325200,DNK,0,8.566558,55.088603,290.6
730,2021-07-01T00:00:21.000Z,3,255805980,DEU,0,9.67334,54.292733,360
731,2021-07-01T00:00:21.000Z,3,244630458,NLD,0,5.278048,52.985358,170.1
732,2021-07-01T00:00:22.000Z,1,257964600,SWE,0,10.948128,59.03672,360
733,2021-07-01T00:00:22.000Z,3,211205810,DEU,0,12.087223,54.18132,96.4
734,2021-07-01T00:00:22.000Z,1,244768000,DEU,8.5,13.694573,55.245203,273.6
735,2021-07-01T00:00:22.000Z,1,246281000,NLD,0,5.249178,53.398898,82.5
736,2021-07-01T00:00:22.000Z,18,257881180,NOR,0,10.70119,59.91155,360
737,2021-07-01T00:00:22.000Z,1,211318180,DEU,0,8.148377,53.601775,0.1
738,2021-07-01T00:00:22.000Z,1,245345000,DEU,2.4,6.43545,53.647567,276.5
739,2021-07-01T00:00:22.000Z,1,210095000,DEU,15.3,13.826315,54.493537,148
740,2021-07-01T00:00:22.000Z,3,244750772,NLD,0,5.052638,52.312708,0.3
741,2021-07-01T00:00:22.000Z,1,219000775,DNK,0,8.220957,56.701578,338.6
742,2021-07-01T00:00:22.000Z,3,231815000,SWE,0,12.542917,56.1988,170.1
743,2021-07-01T00:00:22.000Z,1,257713000,DEU,8.7,5.51642,54.805453,98.9
744,2021-07-01T00:00:22.000Z,3,219423000,DEU,6.8,11.92635,54.571517,155.5
745,2021-07-01T00:00:22.000Z,1,211712640,DEU,0.1,9.977642,53.49695,293.3
746,2021-07-01T00:00:22.000Z,1,211470290,DEU,0,8.467488,53.241412,112.1
747,2021-07-01T00:00:22.000Z,1,265724260,SWE,4.2,12.639467,55.679305,51
748,2021-07-01T00:00:22.000Z,1,219570000,DEU,0.7,12.77502,54.953308,224.9
749,2021-07-01T00:00:22.000Z,18,265374000,SWE,0,11.844123,57.666805,0
750,2021-07-01T00:00:22.000Z,1,244153158,NLD,0,6.202578,53.405108,1.2
751,2021-07-01T00:00:22.000Z,1,244824000,NLD,0,5.27361,53.059188,269.2
752,2021-07-01T00:00:22.000Z,18,257828990,NOR,0,10.547513,59.89064,360
753,2021-07-01T00:00:22.000Z,1,219000368,DNK,0.1,12.690602,56.044098,123
754,2021-07-01T00:00:22.000Z,1,244668000,DEU,7.6,6.12312,54.220683,354.1
755,2021-07-01T00:00:22.000Z,18,211111110,DNK,0,9.935055,54.66178,360
756,2021-07-01T00:00:22.000Z,1,244730986,NLD,0,5.05986,52.628132,281.7
757,2021-07-01T00:00:22.000Z,3,244730466,DEU,0,7.045795,53.14139,0
758,2021-07-01T00:00:22.000Z,3,211472760,DEU,0,9.879088,53.536417,233.4
759,2021-07-01T00:00:23.000Z,1,244660066,NLD,0,5.415568,53.17982,194.5
760,2021-07-01T00:00:23.000Z,18,219025741,SWE,0,12.574083,55.849845,360
761,2021-07-01T00:00:23.000Z,1,215973000,DEU,10.8,7.6744,54.170715,154.6
762,2021-07-01T00:00:23.000Z,1,992111735,NLD,0,5.81685,54.336448,0.8
763,2021-07-01T00:00:23.000Z,1,244850170,NLD,0,5.301,52.70381,0.5
764,2021-07-01T00:00:23.000Z,1,211436640,DEU,0,9.975495,53.543298,360
765,2021-07-01T00:00:23.000Z,1,244670081,NLD,0,4.86145,52.397108,0.1
766,2021-07-01T00:00:23.000Z,1,209313000,DEU,9.2,7.7658,54.291892,197.3
767,2021-07-01T00:00:23.000Z,1,246604000,DEU,0,6.824275,53.444913,210
768,2021-07-01T00:00:23.000Z,3,219002586,DNK,0,9.953717,57.591908,315.8
769,2021-07-01T00:00:23.000Z,18,211808050,DEU,0.2,13.10055,54.318513,360
770,2021-07-01T00:00:23.000Z,18,258121270,NOR,0,8.334062,58.197613,283.7
771,2021-07-01T00:00:23.000Z,18,211617740,DNK,0.1,10.414357,54.891175,71.6
772,2021-07-01T00:00:23.000Z,3,232111000,SWE,0,12.616622,56.035352,287.7
773,2021-07-01T00:00:23.000Z,18,219025741,DNK,0,12.574083,55.849845,360
774,2021-07-01T00:00:23.000Z,18,258090570,SWE,0,10.395268,59.059867,204.7
775,2021-07-01T00:00:23.000Z,1,220341000,DNK,2.6,11.54074,57.17584,338.1
776,2021-07-01T00:00:23.000Z,18,259999019,NOR,0,5.294405,59.419222,79.6
777,2021-07-01T00:00:23.000Z,18,211362680,DEU,0,9.842695,54.474082,360
778,2021-07-01T00:00:23.000Z,1,244670400,NLD,0,4.865818,52.398048,0.1
779,2021-07-01T00:00:23.000Z,1,257262000,NOR,9.6,5.068633,59.608532,173.2
780,2021-07-01T00:00:23.000Z,3,219423000,DNK,6.8,11.92635,54.571517,155.5
781,2021-07-01T00:00:23.000Z,1,244730529,NLD,0,5.41091,53.174148,91.4
782,2021-07-01T00:00:23.000Z,1,992111811,NLD,0,6.01938,54.42327,1
783,2021-07-01T00:00:23.000Z,1,219661000,NLD,8.7,5.843718,53.694868,339.6
784,2021-07-01T00:00:23.000Z,1,211666330,DEU,0,10.005673,53.525275,360
785,2021-07-01T00:00:23.000Z,3,244770331,NLD,0,5.420128,52.50513,296.1
786,2021-07-01T00:00:23.000Z,3,229294000,DEU,5.9,9.937357,53.535093,332.8
787,2021-07-01T00:00:23.000Z,1,244770433,NLD,0,5.415218,53.17266,1
788,2021-07-01T00:00:23.000Z,1,257125600,NOR,0.1,6.20392,58.33813,302.6
789,2021-07-01T00:00:23.000Z,18,244070727,DEU,0,13.03261,54.433905,360
790,2021-07-01T00:00:23.000Z,18,257901690,SWE,0.1,10.461587,59.08676,360
791,2021-07-01T00:00:23.000Z,1,211168700,DEU,0,10.874275,53.958518,300.8
792,2021-07-01T00:00:23.000Z,1,266161000,NOR,0.1,11.165317,58.800667,277.5
793,2021-07-01T00:00:23.000Z,3,211269580,DEU,0,8.707478,53.866605,0.1
794,2021-07-01T00:00:23.000Z,1,244780007,NLD,0,4.867238,52.406798,0.1
795,2021-07-01T00:00:23.000Z,3,265610870,SWE,0,11.927393,57.619893,286.3
796,2021-07-01T00:00:23.000Z,3,232111000,DNK,0,12.616622,56.035352,287.7
797,2021-07-01T00:00:23.000Z,18,258090570,NOR,0,10.395268,59.059867,204.7
798,2021-07-01T00:00:23.000Z,18,257049940,NOR,0,10.739258,59.272412,360
799,2021-07-01T00:00:23.000Z,3,244670914,DEU,0,6.933503,53.314947,303.3
800,2021-07-01T00:00:24.000Z,1,244710623,NLD,0,4.910388,52.37297,0.2
801,2021-07-01T00:00:24.000Z,1,211459920,DEU,0,10.004068,53.52516,360
802,2021-07-01T00:00:24.000Z,18,219022526,DNK,0,11.643075,55.17677,360
803,2021-07-01T00:00:24.000Z,1,257003990,NOR,0,5.136345,60.008042,321.4
804,2021-07-01T00:00:24.000Z,1,211497910,DEU,0,10.002125,53.52592,111.5
805,2021-07-01T00:00:24.000Z,1,219025574,NLD,9.9,4.928688,53.551948,253
806,2021-07-01T00:00:24.000Z,18,219017886,DNK,0.7,12.095112,55.74465,360
807,2021-07-01T00:00:24.000Z,1,266282000,DNK,16.7,8.827982,57.424912,232.5
808,2021-07-01T00:00:24.000Z,1,245877000,DNK,0,10.240128,55.09281,279.3
809,2021-07-01T00:00:24.000Z,3,356582000,DEU,0,9.917968,53.531003,217.1
810,2021-07-01T00:00:24.000Z,1,218004000,DEU,0,8.711633,53.871697,359.7
811,2021-07-01T00:00:24.000Z,1,244030722,NLD,0,6.20485,53.409678,324.7
812,2021-07-01T00:00:24.000Z,1,257646000,NOR,0,10.480122,59.42801,31
813,2021-07-01T00:00:24.000Z,1,636018490,NLD,18.7,4.942278,53.804168,19.5
814,2021-07-01T00:00:24.000Z,1,211282120,DEU,0,7.207087,53.357127,0.1
815,2021-07-01T00:00:24.000Z,1,257089530,SWE,0,10.452407,59.081973,152.8
816,2021-07-01T00:00:24.000Z,3,259214000,SWE,0,10.872605,59.078502,360
817,2021-07-01T00:00:24.000Z,18,265604660,SWE,0,12.743273,55.993922,360
818,2021-07-01T00:00:24.000Z,18,211635560,DEU,0,9.78267,54.913862,339.4
819,2021-07-01T00:00:24.000Z,18,265659390,SWE,0,11.976132,57.720683,325.4
820,2021-07-01T00:00:24.000Z,18,257646990,NOR,0.1,10.535892,59.213578,251.6
821,2021-07-01T00:00:24.000Z,18,257074050,SWE,0.1,11.069472,59.084242,360
822,2021-07-01T00:00:24.000Z,1,219110000,NOR,18.2,8.87985,57.539883,57.3
823,2021-07-01T00:00:24.000Z,1,219110000,DNK,18.2,8.87985,57.539883,57.3
824,2021-07-01T00:00:24.000Z,3,257629600,NOR,8.4,7.179598,57.781257,36
825,2021-07-01T00:00:24.000Z,18,265786030,SWE,0,11.965508,57.712147,0
826,2021-07-01T00:00:24.000Z,18,257646990,SWE,0.1,10.535892,59.213578,251.6
827,2021-07-01T00:00:24.000Z,3,266319000,DNK,0.8,12.162083,57.063233,228.6
828,2021-07-01T00:00:24.000Z,3,244740193,DEU,0,7.263027,52.793953,151.5
829,2021-07-01T00:00:24.000Z,1,219006113,DNK,0,11.126003,57.320702,191.8
830,2021-07-01T00:00:24.000Z,1,245442000,NLD,2.9,5.69493,53.48722,273
831,2021-07-01T00:00:24.000Z,1,244620471,NLD,0,4.91124,52.373088,0.2
832,2021-07-01T00:00:24.000Z,1,244750689,NLD,0,4.927898,52.383807,0.2
833,2021-07-01T00:00:24.000Z,18,257065880,NOR,0,10.73719,59.271988,360
834,2021-07-01T00:00:24.000Z,1,244750691,NLD,0,4.92672,52.38393,0.2
835,2021-07-01T00:00:24.000Z,1,244860382,NLD,0,4.89975,52.400008,0.1
836,2021-07-01T00:00:24.000Z,18,219003222,DNK,0,10.614848,55.05672,339.2
837,2021-07-01T00:00:24.000Z,1,257435500,NOR,0,5.655955,59.808058,343.7
838,2021-07-01T00:00:24.000Z,3,563050500,DEU,6.3,5.715617,53.621617,70.3
839,2021-07-01T00:00:25.000Z,1,244110512,DEU,0,8.583557,53.538083,360
840,2021-07-01T00:00:25.000Z,1,219000407,DNK,0,10.921465,57.296693,0
841,2021-07-01T00:00:25.000Z,3,255806390,DEU,8.6,7.11626,53.840858,74.1
842,2021-07-01T00:00:25.000Z,3,257056190,NOR,14.2,5.345643,60.08221,219.4
843,2021-07-01T00:00:25.000Z,1,636020062,NOR,12,10.818,57.841,290
844,2021-07-01T00:00:25.000Z,18,257749070,SWE,0,10.923177,57.296642,360
845,2021-07-01T00:00:25.000Z,3,259665000,NOR,0,5.252728,59.421513,250
846,2021-07-01T00:00:25.000Z,1,992111814,NLD,0,5.938418,54.302248,1
847,2021-07-01T00:00:25.000Z,1,257195800,NOR,0.1,7.976365,58.107343,289.7
848,2021-07-01T00:00:25.000Z,18,219026672,DNK,0,9.728862,55.552895,360
849,2021-07-01T00:00:25.000Z,18,219871000,DNK,2.8,11.762083,56.622052,191.2
850,2021-07-01T00:00:25.000Z,1,220223000,DNK,18.6,5.675762,55.03892,244
851,2021-07-01T00:00:25.000Z,3,219001343,DNK,4.7,9.922215,58.03348,63.9
852,2021-07-01T00:00:25.000Z,18,265580810,SWE,0,11.343242,58.350098,0
853,2021-07-01T00:00:25.000Z,18,211757390,DEU,0,9.792273,54.899458,360
854,2021-07-01T00:00:25.000Z,3,247356400,DEU,0,12.836785,55.144152,22.8
855,2021-07-01T00:00:25.000Z,3,258416000,NOR,0,5.22738,60.40647,114.9
856,2021-07-01T00:00:25.000Z,1,538005404,DNK,0.1,10.947605,55.712263,203.3
857,2021-07-01T00:00:25.000Z,18,257061520,NOR,0,10.696583,59.909222,360
858,2021-07-01T00:00:25.000Z,1,219000407,SWE,0,10.921465,57.296693,0
859,2021-07-01T00:00:25.000Z,1,244770827,NLD,0,5.132208,52.33897,0.3
860,2021-07-01T00:00:25.000Z,18,211700070,DEU,0,10.020718,54.659297,208.1
861,2021-07-01T00:00:25.000Z,3,244690752,DEU,10.1,5.997,55.165833,210
862,2021-07-01T00:00:25.000Z,1,244170523,NLD,3.1,6.23215,53.547018,80.1
863,2021-07-01T00:00:25.000Z,18,257921960,NOR,0,10.140457,58.971207,360
864,2021-07-01T00:00:25.000Z,1,211339490,DEU,1.5,8.676833,54.11075,229.1
865,2021-07-01T00:00:25.000Z,18,211758460,DEU,0,12.098433,54.181183,360
866,2021-07-01T00:00:26.000Z,1,211241240,NLD,0,6.206288,53.40863,1.8
867,2021-07-01T00:00:26.000Z,3,247356400,DNK,0,12.836785,55.144152,22.8
868,2021-07-01T00:00:26.000Z,3,218084000,DEU,11,8.554398,53.551845,146.9
869,2021-07-01T00:00:26.000Z,1,211227550,DEU,0.1,11.191617,54.419617,71.6
870,2021-07-01T00:00:26.000Z,18,257749070,DNK,0,10.923177,57.296642,360
871,2021-07-01T00:00:26.000Z,1,211590050,DEU,0,8.575718,53.528725,293.3
872,2021-07-01T00:00:26.000Z,1,257058800,NOR,0,5.374918,60.14448,360
873,2021-07-01T00:00:26.000Z,3,565938000,NOR,0,5.264478,59.146295,180.3
874,2021-07-01T00:00:26.000Z,3,257076860,SWE,0,10.590205,57.718873,164.8
875,2021-07-01T00:00:26.000Z,3,211779530,DEU,0,9.87053,53.536625,345.3
876,2021-07-01T00:00:26.000Z,1,235093299,NLD,12.1,4.891398,53.532038,249.6
877,2021-07-01T00:00:26.000Z,3,211625350,DEU,0,8.560268,53.576083,45.7
878,2021-07-01T00:00:26.000Z,3,244326000,DEU,0,6.93485,53.332238,360
879,2021-07-01T00:00:26.000Z,18,265014380,SWE,0,11.859128,57.64576,79.2
880,2021-07-01T00:00:26.000Z,1,246156000,NLD,0,6.197288,53.40876,288.1
881,2021-07-01T00:00:26.000Z,3,258789000,NOR,0,5.483975,59.754047,91.2
882,2021-07-01T00:00:26.000Z,1,220600000,DEU,0,8.441982,55.463065,228.7
883,2021-07-01T00:00:26.000Z,1,244170089,NLD,0,5.2476,52.31227,163.6
884,2021-07-01T00:00:26.000Z,18,211544720,DEU,0,10.171765,54.429973,360
885,2021-07-01T00:00:26.000Z,18,257866090,NOR,0,7.998145,58.141497,41.4
886,2021-07-01T00:00:26.000Z,1,211337920,DEU,0,7.894767,54.175088,321
887,2021-07-01T00:00:26.000Z,3,247356400,SWE,0,12.836785,55.144152,22.8
888,2021-07-01T00:00:26.000Z,3,269057758,NLD,0,5.71047,52.839228,59.7
889,2021-07-01T00:00:26.000Z,1,219001431,DEU,0,9.671095,54.999198,282
890,2021-07-01T00:00:26.000Z,1,992111991,NLD,0,5.828958,54.341548,0.8
891,2021-07-01T00:00:26.000Z,1,235067662,DEU,0.1,6.826385,53.44442,304
892,2021-07-01T00:00:26.000Z,18,211757390,DNK,0,9.792273,54.899458,360
893,2021-07-01T00:00:26.000Z,3,219439000,DNK,3.1,8.840525,57.504033,248.8
894,2021-07-01T00:00:26.000Z,3,246324000,NLD,0,4.881878,52.406582,0.1
895,2021-07-01T00:00:26.000Z,18,211762090,DEU,0,10.946913,54.133615,36.5
896,2021-07-01T00:00:27.000Z,1,304010455,DEU,8.2,6.712603,53.869917,254.1
897,2021-07-01T00:00:27.000Z,3,211233860,DEU,0,13.647767,54.152317,110.2
898,2021-07-01T00:00:27.000Z,3,265550210,SWE,0,11.762592,57.61846,175.2
899,2021-07-01T00:00:27.000Z,1,265607640,SWE,0,13.033928,55.624572,325.1
900,2021-07-01T00:00:27.000Z,3,576259000,DEU,0.6,14.205515,55.091,43.6
901,2021-07-01T00:00:27.000Z,3,219000551,DNK,0,12.187272,55.454485,169.8
902,2021-07-01T00:00:27.000Z,1,211379770,DEU,0,8.548405,54.617893,330
903,2021-07-01T00:00:27.000Z,1,231336000,DNK,0.3,12.052048,54.89778,337
904,2021-07-01T00:00:27.000Z,18,265822940,DNK,0,11.847752,57.65714,174.2
905,2021-07-01T00:00:27.000Z,18,244210036,DNK,0,9.700258,57.061822,122.7
906,2021-07-01T00:00:27.000Z,3,219013885,DNK,2.5,10.9691,57.495492,246.8
907,2021-07-01T00:00:27.000Z,1,258999000,NOR,0,5.9366,59.733567,231.9
908,2021-07-01T00:00:27.000Z,1,265538200,SWE,0,12.111812,57.241045,329.9
909,2021-07-01T00:00:27.000Z,1,244810186,NLD,0,5.061048,52.634208,0.3
910,2021-07-01T00:00:27.000Z,1,211467160,DEU,0,8.58137,53.499203,0
911,2021-07-01T00:00:27.000Z,1,219016555,DEU,0,11.0287,54.876033,250
912,2021-07-01T00:00:27.000Z,3,636092681,DEU,0,9.9092,53.539882,182.4
913,2021-07-01T00:00:27.000Z,3,245859000,DEU,0,8.712653,53.865917,318.2
914,2021-07-01T00:00:27.000Z,3,219013885,SWE,2.5,10.9691,57.495492,246.8
915,2021-07-01T00:00:27.000Z,3,265550210,DNK,0,11.762592,57.61846,175.2
916,2021-07-01T00:00:27.000Z,1,258063000,NOR,0,6.030532,59.13896,277.2
917,2021-07-01T00:00:27.000Z,1,211003531,DEU,0,9.67529,53.535017,177.6
918,2021-07-01T00:00:27.000Z,1,244710579,NLD,0,4.87867,52.39775,0.1
919,2021-07-01T00:00:27.000Z,3,219000851,DNK,0,10.615477,55.058033,305
920,2021-07-01T00:00:27.000Z,3,244700173,NLD,0,4.941698,52.376208,0.2
921,2021-07-01T00:00:27.000Z,1,244700914,DEU,0,6.586168,53.219017,0
922,2021-07-01T00:00:27.000Z,1,211220820,DEU,0,8.72944,53.110645,355.4
923,2021-07-01T00:00:27.000Z,1,211634540,DEU,0.1,8.860385,54.126633,200
924,2021-07-01T00:00:27.000Z,1,244859000,DNK,11.7,10.044958,55.633905,60.8
925,2021-07-01T00:00:27.000Z,1,236329000,DNK,11.9,10.91695,55.889633,39
926,2021-07-01T00:00:27.000Z,1,244690203,NLD,0,4.87405,52.399238,0.1
927,2021-07-01T00:00:27.000Z,1,211180420,DEU,0.1,13.651767,54.1511,294.2
928,2021-07-01T00:00:27.000Z,18,219005893,DNK,0,8.59962,57.123242,144.4
929,2021-07-01T00:00:27.000Z,1,244710446,DEU,0,6.827272,53.444463,360
930,2021-07-01T00:00:27.000Z,18,257115060,NOR,9.9,7.848322,57.73257,306.7
931,2021-07-01T00:00:27.000Z,18,211760600,DEU,0,9.794302,54.897893,94.7
932,2021-07-01T00:00:27.000Z,18,244650748,DEU,0,13.099703,54.318408,28.9
933,2021-07-01T00:00:27.000Z,1,265649390,NOR,0,11.171422,58.92913,292
934,2021-07-01T00:00:27.000Z,1,211670820,DEU,0,8.877375,53.058265,360
935,2021-07-01T00:00:27.000Z,1,992111993,NLD,0,5.910098,54.275,0.8
936,2021-07-01T00:00:27.000Z,18,211592850,DEU,0,9.85667,53.537775,19.3
937,2021-07-01T00:00:27.000Z,18,258003770,NOR,0,5.225668,60.343475,360
938,2021-07-01T00:00:27.000Z,1,244750685,NLD,0,4.92812,52.38351,0.2
939,2021-07-01T00:00:27.000Z,1,311000201,NLD,11.9,6.7301,53.788638,75.9
940,2021-07-01T00:00:27.000Z,1,236112545,NLD,0,5.103548,52.858768,320.8
941,2021-07-01T00:00:27.000Z,1,265519650,SWE,0,12.85295,56.659817,17.4
942,2021-07-01T00:00:27.000Z,1,220205000,DNK,2.6,12.353562,56.66105,168.4
943,2021-07-01T00:00:27.000Z,3,218767000,DEU,0,9.922688,53.543222,161.2
944,2021-07-01T00:00:27.000Z,18,265822940,SWE,0,11.847752,57.65714,174.2
945,2021-07-01T00:00:28.000Z,3,244750771,NLD,0,5.052518,52.3128,0.3
946,2021-07-01T00:00:28.000Z,3,211343680,DEU,14,12.174833,54.430833,37
947,2021-07-01T00:00:28.000Z,3,211517330,DEU,0,10.05533,53.52924,0
948,2021-07-01T00:00:28.000Z,3,259417000,NOR,0,5.563795,59.86724,189.2
949,2021-07-01T00:00:28.000Z,18,257936690,NOR,0,5.82618,59.333328,0
950,2021-07-01T00:00:28.000Z,1,211233660,DEU,0,8.577412,53.536432,47.3
951,2021-07-01T00:00:28.000Z,1,314553000,DNK,9.1,5.409973,55.639615,356
952,2021-07-01T00:00:28.000Z,1,211501000,DEU,2.8,6.623757,53.568057,126.6
953,2021-07-01T00:00:28.000Z,3,230982000,DEU,0,10.861492,53.94312,293.4
954,2021-07-01T00:00:28.000Z,1,219023313,SWE,9.8,10.018418,58.220252,186.3
955,2021-07-01T00:00:28.000Z,1,244710559,DEU,0,6.931162,53.315192,0
956,2021-07-01T00:00:28.000Z,1,246912000,DEU,12.8,5.212927,54.573628,196.2
957,2021-07-01T00:00:28.000Z,18,257020900,NOR,0,5.597488,59.322122,336.6
958,2021-07-01T00:00:28.000Z,1,212949000,SWE,14.7,9.876917,57.703267,237.8
959,2021-07-01T00:00:28.000Z,1,261007170,DEU,0,14.265243,53.904428,225.2
960,2021-07-01T00:00:28.000Z,1,211419000,DEU,0,8.861993,54.127883,0
961,2021-07-01T00:00:28.000Z,3,255806175,SWE,11.9,12.62419,55.99804,190
962,2021-07-01T00:00:28.000Z,18,257045230,NOR,0,5.327623,60.379667,360
963,2021-07-01T00:00:28.000Z,18,219017191,DNK,0.2,12.619422,55.688152,199.2
964,2021-07-01T00:00:28.000Z,18,219002954,DNK,0,11.140597,55.330867,0
965,2021-07-01T00:00:28.000Z,1,219849000,DNK,7.1,11.035833,55.019333,9
966,2021-07-01T00:00:28.000Z,1,258232000,NOR,0,5.053325,60.2108,328.1
967,2021-07-01T00:00:28.000Z,1,219000431,DEU,0,11.349967,54.653483,197.5
968,2021-07-01T00:00:28.000Z,18,219010764,DNK,0,9.903872,57.057917,0
969,2021-07-01T00:00:28.000Z,1,211188900,DEU,0,9.946027,53.518322,360
970,2021-07-01T00:00:28.000Z,18,257508980,NOR,0,10.507673,59.877988,360
971,2021-07-01T00:00:28.000Z,1,211158050,DEU,0,9.150175,53.898925,0
972,2021-07-01T00:00:28.000Z,1,232012707,NLD,0,5.43578,52.51958,266
973,2021-07-01T00:00:28.000Z,1,211543450,DEU,0,12.69197,54.4319,64.8
974,2021-07-01T00:00:28.000Z,1,211629870,DEU,0,10.139493,54.368508,142.9
975,2021-07-01T00:00:28.000Z,18,219017191,SWE,0.2,12.619422,55.688152,199.2
976,2021-07-01T00:00:28.000Z,1,232013162,DEU,3.4,6.404423,53.945975,171.1
977,2021-07-01T00:00:28.000Z,3,211797060,DEU,0,9.401687,53.839238,92.5
978,2021-07-01T00:00:28.000Z,1,258039000,NOR,9.6,5.115092,58.608365,219.1
979,2021-07-01T00:00:28.000Z,1,992111994,NLD,0,5.92675,54.38288,1
980,2021-07-01T00:00:28.000Z,18,219024288,DNK,0,9.247063,56.96831,217.1
981,2021-07-01T00:00:28.000Z,18,211560590,DEU,0,8.655563,53.15959,360
982,2021-07-01T00:00:28.000Z,3,255806175,DNK,11.9,12.62419,55.99804,190
983,2021-07-01T00:00:28.000Z,1,244586000,NLD,0,5.41766,53.181518,278.6
984,2021-07-01T00:00:28.000Z,18,219006009,DNK,0,12.612498,55.69532,45.5
985,2021-07-01T00:00:29.000Z,3,211468980,DEU,0,9.511023,53.652973,341.5
986,2021-07-01T00:00:29.000Z,3,257166000,NOR,0,5.137067,60.00794,43.1
987,2021-07-01T00:00:29.000Z,1,244030306,NLD,0,6.166678,53.469558,1.1
988,2021-07-01T00:00:29.000Z,18,265014570,SWE,0,12.7435,55.991632,360
989,2021-07-01T00:00:29.000Z,18,258208430,NOR,0,6.096022,59.404095,225.7
990,2021-07-01T00:00:29.000Z,1,218179000,DEU,7.3,8.368687,54.098687,346.1
991,2021-07-01T00:00:29.000Z,18,257001800,SWE,0,10.873672,59.079202,360
992,2021-07-01T00:00:29.000Z,1,219005866,DNK,0,10.925373,57.295903,46.5
993,2021-07-01T00:00:29.000Z,18,211490390,DEU,0,13.096405,54.317888,360
994,2021-07-01T00:00:29.000Z,3,211343680,DNK,14,12.174833,54.430833,37
995,2021-07-01T00:00:29.000Z,3,211223120,DEU,0,10.133433,54.31325,273.4
996,2021-07-01T00:00:29.000Z,1,992111945,NLD,0,6.49138,53.97388,1.3
997,2021-07-01T00:00:29.000Z,1,257513000,NOR,0,5.380218,60.147417,276.2
998,2021-07-01T00:00:29.000Z,1,265663280,SWE,0,11.870345,57.681942,321.3
