,timestamp,message_id,MMSI,originator,callsign,ship_type,to_bow,to_stern,to_port,to_starboard,epfd,month,day,hour,minute,draught
0,2021-07-01T00:00:00.000Z,5,211254620,DEU,DGMG,70,34,6,3,4,1,7,2,6,0,2.4
1,2021-07-01T00:00:00.000Z,5,211222710,DEU,DKFW,52,9,18,7,2,1,6,24,23,59,4.2
2,2021-07-01T00:00:00.000Z,5,304946000,DNK,V2HG8,70,70,18,6,7,1,6,26,18,0,5.3
3,2021-07-01T00:00:00.000Z,5,261183700,POL,SR3700,90,69,15,4,5,0,9,30,0,0,3
4,2021-07-01T00:00:00.000Z,5,211470990,DEU,DG 6185,99,10,14,3,4,1,1,1,0,0,1.7
5,2021-07-01T00:00:00.000Z,5,258783000,NLD,LAFP8,90,24,97,12,12,0,6,24,4,0,6.3
6,2021-07-01T00:00:00.000Z,5,257169000,NOR,LIAS,36,20,3,4,2,1,8,31,15,0,4
7,2021-07-01T00:00:01.000Z,5,566697000,DNK,9V9822,90,5,84,61,45,1,6,30,18,0,9
8,2021-07-01T00:00:01.000Z,5,257188000,NOR,LALW,70,14,79,10,10,1,6,30,13,0,5.4
9,2021-07-01T00:00:01.000Z,5,257114000,DEU,LAWN7,70,81,14,7,7,1,7,2,8,0,5.3
10,2021-07-01T00:00:01.000Z,5,220435000,DEU,OVFE,35,24,19,3,6,1,7,7,7,7,2.7
11,2021-07-01T00:00:01.000Z,5,244186746,NLD,PE5782,70,65,8,4,4,0,7,1,12,0,1.7
12,2021-07-01T00:00:01.000Z,5,219005787,DNK,XP3136,31,4,9,2,3,1,6,20,11,30,2
13,2021-07-01T00:00:01.000Z,5,219000809,DEU,OZHF,60,12,24,6,6,1,10,23,0,0,2
14,2021-07-01T00:00:01.000Z,5,257409000,DEU,LAJF5,89,120,20,11,11,1,7,2,13,0,6.7
15,2021-07-01T00:00:01.000Z,5,244650941,NLD,PC3123,70,58,10,5,4,0,12,31,0,0,0
16,2021-07-01T00:00:01.000Z,5,565094000,DNK,9VFW7,0,25,67,9,14,1,4,7,14,0,6.9
17,2021-07-01T00:00:01.000Z,5,211255580,DNK,DJCP,60,19,29,6,9,1,11,3,10,40,1.8
18,2021-07-01T00:00:01.000Z,5,211255580,DEU,DJCP,60,19,29,6,9,1,11,3,10,40,1.8
19,2021-07-01T00:00:01.000Z,5,244870427,NOR,PDDA,84,70,25,7,6,1,7,2,6,0,6.4
20,2021-07-01T00:00:01.000Z,5,257490000,NOR,LAIW8,70,79,9,9,4,1,7,1,18,0,3.4
21,2021-07-01T00:00:01.000Z,5,257490000,SWE,LAIW8,70,79,9,9,4,1,7,1,18,0,3.4
22,2021-07-01T00:00:01.000Z,5,211663310,DEU,DB5286,79,66,14,2,6,1,6,15,15,0,2.7
23,2021-07-01T00:00:02.000Z,5,211709370,DEU,DA3580,99,13,3,2,3,1,2,13,0,0,0
24,2021-07-01T00:00:02.000Z,5,257114000,SWE,LAWN7,70,81,14,7,7,1,7,2,8,0,5.3
25,2021-07-01T00:00:02.000Z,5,211155000,DEU,DCEL,30,0,0,0,0,1,7,11,0,0,2.1
26,2021-07-01T00:00:02.000Z,5,211537930,DEU,DK6159,55,8,9,2,2,1,11,1,0,0,0
27,2021-07-01T00:00:02.000Z,5,244750001,NLD,PH7404,60,17,4,1,4,0,7,18,17,0,0.1
28,2021-07-01T00:00:02.000Z,5,245306000,DEU,PHMB,79,75,15,5,9,1,7,2,8,0,3.4
29,2021-07-01T00:00:02.000Z,5,538009231,SWE,V7A4483,89,152,31,8,24,1,7,2,8,0,11
30,2021-07-01T00:00:02.000Z,5,538009231,DNK,V7A4483,89,152,31,8,24,1,7,2,8,0,11
31,2021-07-01T00:00:02.000Z,5,219000809,DNK,OZHF,60,12,24,6,6,1,10,23,0,0,2
32,2021-07-01T00:00:02.000Z,5,211536850,DEU,DF5182,0,3,8,1,4,0,9,14,20,0,0.2
33,2021-07-01T00:00:02.000Z,5,710027950,NOR,PO2210,90,22,61,5,14,0,8,15,10,0,5
34,2021-07-01T00:00:02.000Z,5,211533370,DEU,DBEI,50,13,5,3,2,1,4,29,21,0,1.2
35,2021-07-01T00:00:02.000Z,5,211431820,DEU,DC2649,33,22,5,3,4,1,6,1,12,0,1.3
36,2021-07-01T00:00:03.000Z,5,211269690,DEU,DKJO2,40,4,15,3,4,0,6,30,18,30,2
37,2021-07-01T00:00:03.000Z,5,232003486,SWE,MACW7,30,53,22,7,8,1,12,2,5,0,6.7
38,2021-07-01T00:00:03.000Z,5,232003486,DNK,MACW7,30,53,22,7,8,1,12,2,5,0,6.7
39,2021-07-01T00:00:03.000Z,5,244620909,NLD,PC4344,37,18,29,5,5,0,7,28,14,0,2.7
40,2021-07-01T00:00:03.000Z,5,211204590,DEU,DH6000,0,12,12,3,3,1,5,21,12,34,11
41,2021-07-01T00:00:04.000Z,5,258737000,NOR,LCKH,70,14,75,6,13,1,6,30,13,13,6.2
42,2021-07-01T00:00:04.000Z,5,211219630,DEU,DCNG,79,63,12,4,8,1,6,30,13,0,3.4
43,2021-07-01T00:00:04.000Z,5,218762000,DEU,DBFX,55,23,49,6,6,1,6,24,12,40,5.2
44,2021-07-01T00:00:04.000Z,5,211376860,DEU,DFKE2,70,70,13,6,6,1,7,1,2,0,5.4
45,2021-07-01T00:00:04.000Z,5,211742130,DEU,DFOC,36,13,5,2,2,0,7,15,18,0,1.7
46,2021-07-01T00:00:04.000Z,5,257475000,NOR,LGVY,70,23,56,9,9,1,6,30,8,0,4.7
47,2021-07-01T00:00:04.000Z,5,218492000,SWE,DFWF,70,83,7,8,5,1,6,4,6,0,4.5
48,2021-07-01T00:00:04.000Z,5,218492000,DNK,DFWF,70,83,7,8,5,1,6,4,6,0,4.5
49,2021-07-01T00:00:04.000Z,5,212702000,NLD,5BPL4,70,89,6,7,7,0,6,22,19,0,3.9
50,2021-07-01T00:00:05.000Z,5,236734000,NLD,ZDRK5,59,36,57,6,12,0,6,25,4,0,5.9
51,2021-07-01T00:00:05.000Z,5,244790047,NLD,PCYX,70,13,98,12,5,0,4,23,20,0,5.4
52,2021-07-01T00:00:05.000Z,5,314431000,NLD,8PAL8,70,82,7,10,3,0,6,4,6,0,6.3
53,2021-07-01T00:00:05.000Z,5,253618000,DEU,LXTJ,33,12,76,14,8,1,5,3,3,0,5.7
54,2021-07-01T00:00:05.000Z,5,219002159,DNK,OZBN2,50,10,6,2,3,1,3,28,11,29,2.2
55,2021-07-01T00:00:05.000Z,5,304927000,SWE,V2BU1,70,81,8,6,7,1,7,1,22,0,5.6
56,2021-07-01T00:00:05.000Z,5,518807000,SWE,E5U2754,70,131,26,12,13,1,7,3,23,0,9.4
57,2021-07-01T00:00:05.000Z,5,258538000,NOR,LADO,90,20,67,12,6,1,3,21,12,34,4.5
58,2021-07-01T00:00:06.000Z,5,211471210,DEU,DH5632,90,92,8,4,5,1,7,1,11,30,0
59,2021-07-01T00:00:06.000Z,5,257952600,NOR,LECM,51,5,12,2,3,1,3,21,12,34,1
60,2021-07-01T00:00:06.000Z,5,304050982,NLD,V2IA5,80,91,17,8,10,0,7,1,9,0,6.5
61,2021-07-01T00:00:06.000Z,5,244670757,NLD,PH4159,60,30,0,3,3,0,6,13,17,0,1.2
62,2021-07-01T00:00:06.000Z,5,245241000,DEU,PILF,70,85,10,3,11,1,7,4,2,0,5.8
63,2021-07-01T00:00:07.000Z,5,211315290,DEU,DH3855,52,5,12,2,4,0,1,1,0,0,2
64,2021-07-01T00:00:07.000Z,5,355351000,BEL,H9AT,70,32,107,4,19,1,7,1,15,0,6
65,2021-07-01T00:00:07.000Z,5,311000791,SWE,C6DV2,70,119,33,18,5,1,7,3,12,0,8
66,2021-07-01T00:00:07.000Z,5,311000791,DNK,C6DV2,70,119,33,18,5,1,7,3,12,0,8
67,2021-07-01T00:00:07.000Z,5,258244000,NOR,LJIT,70,18,30,7,3,1,9,11,5,0,7
68,2021-07-01T00:00:07.000Z,5,219027995,DEU,OZCL2,70,23,140,10,11,1,7,2,4,0,6.4
69,2021-07-01T00:00:07.000Z,5,246221000,NLD,PBZF,55,5,10,2,3,0,6,8,16,0,1.1
70,2021-07-01T00:00:07.000Z,5,257609000,NOR,LFKW,30,46,40,6,12,0,3,23,9,0,7.8
71,2021-07-01T00:00:07.000Z,5,259417000,NOR,LMSC,60,42,42,10,7,1,12,31,22,0,2.5
72,2021-07-01T00:00:07.000Z,5,211279120,DEU,DIYU,30,15,9,3,4,1,1,31,0,0,4.5
73,2021-07-01T00:00:08.000Z,5,211284790,DEU,DFRO,31,40,40,3,19,1,9,20,20,0,2
74,2021-07-01T00:00:09.000Z,5,219017843,DNK,OUTT,30,50,20,7,7,1,11,17,9,0,7.7
75,2021-07-01T00:00:09.000Z,5,211207710,DEU,DBAS,51,14,14,4,3,1,1,1,0,0,2.1
76,2021-07-01T00:00:09.000Z,5,211247350,DEU,DHHJ,90,50,9,3,6,1,3,1,18,15,1.3
77,2021-07-01T00:00:09.000Z,5,304036000,NLD,V2QP6,70,76,12,8,5,0,6,25,7,0,5.5
78,2021-07-01T00:00:09.000Z,5,244236641,NLD,PA4717,70,63,10,4,5,0,6,30,20,49,0.3
79,2021-07-01T00:00:09.000Z,5,211363120,DEU,DH8468,79,39,1,4,2,0,3,14,12,0,1.2
80,2021-07-01T00:00:09.000Z,5,211284610,DEU,DHQK2,0,8,22,6,0,0,12,18,6,30,1
81,2021-07-01T00:00:10.000Z,5,211667760,DEU,DJIU2,52,16,13,7,7,1,8,11,17,0,6.6
82,2021-07-01T00:00:10.000Z,5,219017917,DEU,OUWR,60,11,27,6,6,1,6,23,20,30,2.2
83,2021-07-01T00:00:10.000Z,5,219024702,DNK,OYTW,37,18,4,4,3,1,7,20,11,10,2
84,2021-07-01T00:00:10.000Z,5,246634000,BEL,PBVT,70,127,10,11,5,1,6,28,20,30,7.9
85,2021-07-01T00:00:10.000Z,5,232031538,DNK,MIJG6,70,81,9,11,4,1,7,2,22,0,5.6
86,2021-07-01T00:00:10.000Z,5,232031538,SWE,MIJG6,70,81,9,11,4,1,7,2,22,0,5.6
87,2021-07-01T00:00:10.000Z,5,259173000,NOR,LKXK,36,22,5,5,1,1,6,30,19,0,2.8
88,2021-07-01T00:00:10.000Z,5,256396000,NLD,9HTD8,80,147,35,21,11,0,7,4,20,0,7.5
89,2021-07-01T00:00:10.000Z,5,245544000,NLD,PBBJ,30,16,5,3,2,0,6,15,16,0,1.5
90,2021-07-01T00:00:11.000Z,5,219017917,DNK,OUWR,60,11,27,6,6,1,6,23,20,30,2.2
91,2021-07-01T00:00:11.000Z,5,244660261,NLD,PD9428,0,52,8,3,4,0,9,4,0,0,1
92,2021-07-01T00:00:11.000Z,5,220259000,DNK,OVID2,52,12,18,5,6,1,10,29,4,52,4.6
93,2021-07-01T00:00:11.000Z,5,257963000,NOR,LCVG,70,30,4,5,5,1,3,21,12,34,0
94,2021-07-01T00:00:11.000Z,5,244650746,NLD,PB4177,80,34,0,3,3,0,11,13,14,0,0
95,2021-07-01T00:00:11.000Z,5,244170753,NLD,PE5553,20,124,11,2,16,0,11,7,5,0,1
96,2021-07-01T00:00:11.000Z,5,245039000,DNK,PIHD,52,8,23,7,4,1,6,28,23,0,3.6
97,2021-07-01T00:00:11.000Z,5,245039000,DEU,PIHD,52,8,23,7,4,1,6,28,23,0,3.6
98,2021-07-01T00:00:11.000Z,5,219027899,DEU,OZQS2,52,12,11,6,6,1,6,9,3,0,5
99,2021-07-01T00:00:11.000Z,5,211283410,DEU,DILC,52,13,15,3,6,1,10,10,15,0,4.5
100,2021-07-01T00:00:11.000Z,5,244620987,NLD,PH6180,90,52,8,3,4,0,7,4,22,25,0
101,2021-07-01T00:00:11.000Z,5,577452000,BEL,YJWU4,49,13,7,4,3,1,7,21,8,0,0.7
102,2021-07-01T00:00:11.000Z,5,244620654,NLD,PF9176,80,100,10,6,6,0,6,4,6,54,0
103,2021-07-01T00:00:12.000Z,5,211647900,DEU,DKFT,60,6,22,5,4,1,6,30,11,40,2
104,2021-07-01T00:00:12.000Z,5,244890644,NLD,PCMH,30,22,14,4,4,0,7,18,15,24,4.9
105,2021-07-01T00:00:12.000Z,5,231522000,NOR,OZ2158,70,79,11,7,7,1,7,1,13,0,4
106,2021-07-01T00:00:12.000Z,5,352842000,NOR,HO9830,79,14,26,0,8,1,3,21,16,0,3
107,2021-07-01T00:00:12.000Z,5,244373000,NLD,PCYM,30,25,8,3,6,0,3,8,8,0,4.6
108,2021-07-01T00:00:12.000Z,5,219025528,DNK,OYFB2,52,12,12,4,5,1,6,30,8,0,2.5
109,2021-07-01T00:00:12.000Z,5,215127000,NLD,9HA4971,70,259,75,16,27,0,7,1,12,0,13.3
110,2021-07-01T00:00:12.000Z,5,210084000,DNK,5BQB3,70,93,17,17,1,1,6,30,18,0,8.2
111,2021-07-01T00:00:12.000Z,5,244966000,NLD,PBHX,33,81,15,9,9,0,7,2,4,0,3.2
112,2021-07-01T00:00:13.000Z,5,261493000,POL,SQSU,55,12,12,2,2,1,3,20,16,0,1.5
113,2021-07-01T00:00:13.000Z,5,258487000,NOR,LDQO,70,62,23,7,9,1,6,30,4,0,7
114,2021-07-01T00:00:13.000Z,5,231847000,SWE,OZ2135,52,17,18,7,6,1,6,14,23,0,6
115,2021-07-01T00:00:13.000Z,5,244690935,NLD,PC 9412,60,24,90,10,6,0,1,15,16,0,1.7
116,2021-07-01T00:00:14.000Z,5,259001980,DNK,LANF8,89,50,20,5,7,1,6,10,19,30,4
117,2021-07-01T00:00:14.000Z,5,371278000,NOR,HO9083,51,32,8,5,4,1,6,9,12,0,4.5
118,2021-07-01T00:00:14.000Z,5,235008380,DNK,MGQK3,30,12,6,3,3,0,5,20,15,57,0
119,2021-07-01T00:00:14.000Z,5,219472000,DEU,OWMI2,90,16,7,5,3,1,5,27,13,30,1.9
120,2021-07-01T00:00:14.000Z,5,219472000,DNK,OWMI2,90,16,7,5,3,1,5,27,13,30,1.9
121,2021-07-01T00:00:14.000Z,5,215087000,DEU,9HA3757,70,183,17,16,14,1,7,2,21,30,10.7
122,2021-07-01T00:00:14.000Z,5,244740487,NLD,PE8443,80,31,8,3,3,0,10,14,21,0,2.2
123,2021-07-01T00:00:14.000Z,5,245548000,DEU,PIAB,52,16,15,4,8,1,6,6,0,0,5.9
124,2021-07-01T00:00:14.000Z,5,244630087,NLD,PC6676,90,15,0,2,3,0,6,2,11,15,1.2
125,2021-07-01T00:00:15.000Z,5,312629000,SWE,V3RM5,70,144,26,13,15,1,7,2,21,0,9.6
126,2021-07-01T00:00:15.000Z,5,312629000,DNK,V3RM5,70,144,26,13,15,1,7,2,21,0,9.6
127,2021-07-01T00:00:15.000Z,5,355351000,FRA,H9AT,70,32,107,4,19,1,7,1,15,0,6
128,2021-07-01T00:00:15.000Z,5,228401800,NLD,FMOF,70,116,284,38,24,0,7,1,14,0,12.6
129,2021-07-01T00:00:15.000Z,5,244750685,NLD,PF4872,60,14,14,4,5,0,8,8,20,30,2.4
130,2021-07-01T00:00:15.000Z,5,211795250,DNK,DIHX2,52,16,21,10,4,1,7,7,10,0,6.9
131,2021-07-01T00:00:15.000Z,5,244870932,NLD,PBFG,52,12,13,5,7,0,9,30,23,59,5.5
132,2021-07-01T00:00:15.000Z,5,229964000,NLD,9HA3754,90,25,45,7,7,0,6,29,4,0,4.9
133,2021-07-01T00:00:15.000Z,5,249577000,SWE,9HA4295,89,214,30,16,26,1,7,1,0,15,7.2
134,2021-07-01T00:00:16.000Z,5,211268070,DEU,,99,1,15,4,4,0,6,23,7,0,0.2
135,2021-07-01T00:00:16.000Z,5,257723000,DEU,3YBL,75,20,60,9,9,1,7,1,7,0,5.5
136,2021-07-01T00:00:16.000Z,5,211552710,DEU,DJFR,70,9,36,9,3,1,6,30,20,0,0.6
137,2021-07-01T00:00:16.000Z,5,311995000,SWE,C6UR3,70,22,126,10,15,1,7,2,4,0,7.5
138,2021-07-01T00:00:16.000Z,5,636019162,DEU,D5TF8,70,170,27,11,21,1,6,27,20,0,6.6
139,2021-07-01T00:00:16.000Z,5,244677000,DNK,PCVP,90,8,18,5,5,0,6,9,20,0,2.8
140,2021-07-01T00:00:16.000Z,5,244677000,DEU,PCVP,90,8,18,5,5,0,6,9,20,0,2.8
141,2021-07-01T00:00:16.000Z,5,258000000,DEU,LAND8,90,15,65,10,10,1,6,24,4,0,5
142,2021-07-01T00:00:16.000Z,5,636091788,NLD,A8SX6,70,124,15,6,15,0,7,1,16,0,7
143,2021-07-01T00:00:16.000Z,5,211169360,DEU,DA5057,70,76,10,3,6,1,5,1,19,19,3.3
144,2021-07-01T00:00:16.000Z,5,244090796,NLD,PD2749,60,11,43,8,9,0,10,8,16,0,2.5
145,2021-07-01T00:00:16.000Z,5,249577000,DNK,9HA4295,89,214,30,16,26,1,7,1,0,15,7.2
146,2021-07-01T00:00:17.000Z,5,244127869,NLD,PG4936,52,5,3,0,3,0,6,24,6,54,1.2
147,2021-07-01T00:00:17.000Z,5,211370530,DEU,DMEM,52,14,14,6,4,1,8,21,9,0,4.6
148,2021-07-01T00:00:17.000Z,5,257736000,NOR,LASE,55,31,63,17,0,1,9,2,17,37,6.5
149,2021-07-01T00:00:17.000Z,5,211298290,DEU,DB6283,90,94,16,6,6,1,6,18,19,18,0.1
150,2021-07-01T00:00:17.000Z,5,258000000,SWE,LAND8,90,15,65,10,10,1,6,24,4,0,5
151,2021-07-01T00:00:17.000Z,5,258000000,DNK,LAND8,90,15,65,10,10,1,6,24,4,0,5
152,2021-07-01T00:00:17.000Z,5,255806267,DEU,CQAS9,73,125,16,5,18,1,7,2,18,30,8
153,2021-07-01T00:00:17.000Z,5,244710442,NLD,PE8200,90,72,4,6,3,0,1,11,12,0,2.2
154,2021-07-01T00:00:17.000Z,5,219000245,DEU,OUHO2,70,45,10,4,5,1,6,30,12,0,2.7
155,2021-07-01T00:00:17.000Z,5,244150427,NLD,PB9177,52,28,5,5,4,0,12,30,16,40,1
156,2021-07-01T00:00:17.000Z,5,351047000,DEU,3FDO8,70,199,30,10,22,1,7,3,23,0,14.5
157,2021-07-01T00:00:17.000Z,5,244163000,NLD,PF7197,36,19,43,6,5,0,7,3,5,0,5.1
158,2021-07-01T00:00:18.000Z,5,220251000,DEU,OVPL,33,24,7,3,3,1,11,15,17,0,2.5
159,2021-07-01T00:00:18.000Z,5,220251000,DNK,OVPL,33,24,7,3,3,1,11,15,17,0,2.5
160,2021-07-01T00:00:18.000Z,5,257056190,NOR,LEVT,60,67,67,10,11,1,3,5,19,27,4.8
161,2021-07-01T00:00:18.000Z,5,211474890,DEU,DJ 5164,90,35,7,4,2,1,7,7,20,15,2.2
162,2021-07-01T00:00:18.000Z,5,246457000,NOR,PDBQ,70,81,8,6,6,0,6,30,23,0,4.2
163,2021-07-01T00:00:18.000Z,5,351047000,DNK,3FDO8,70,199,30,10,22,1,7,3,23,0,14.5
164,2021-07-01T00:00:18.000Z,5,209078000,NLD,5BTV4,70,124,14,6,16,0,7,3,12,0,6.1
165,2021-07-01T00:00:19.000Z,5,258008380,NOR,LH3673,79,5,10,5,5,0,1,1,0,0,0
166,2021-07-01T00:00:19.000Z,5,305425000,DEU,V2EG6,70,148,28,8,18,1,7,2,6,0,6.8
167,2021-07-01T00:00:19.000Z,5,257912700,NOR,LG8808,69,9,5,1,4,1,12,29,16,0,1
168,2021-07-01T00:00:19.000Z,5,376083000,NLD,J8B4640,70,70,10,5,6,0,7,1,22,0,3
169,2021-07-01T00:00:19.000Z,5,257369500,NOR,JXFF,52,8,19,3,5,1,7,1,0,30,5
170,2021-07-01T00:00:19.000Z,5,253366000,DEU,LXVT,90,25,115,22,22,1,6,7,8,30,6.8
171,2021-07-01T00:00:19.000Z,5,246175000,NLD,PIAA,51,16,3,3,3,0,5,10,11,15,1.5
172,2021-07-01T00:00:20.000Z,5,265795060,SWE,7SA2811,51,7,5,2,2,0,9,21,18,0,0.9
173,2021-07-01T00:00:20.000Z,5,265795060,NOR,7SA2811,51,7,5,2,2,0,9,21,18,0,0.9
174,2021-07-01T00:00:20.000Z,5,211751070,DEU,DH5291,99,10,10,2,4,1,6,30,17,30,1.4
175,2021-07-01T00:00:20.000Z,5,244750201,NLD,PH4670,70,40,9,2,3,0,12,30,0,0,0.3
176,2021-07-01T00:00:20.000Z,5,214182023,NOR,ERTW,70,38,14,4,4,1,7,1,0,0,4.2
177,2021-07-01T00:00:20.000Z,5,257027910,DEU,LFBB,83,70,14,5,9,1,7,1,9,0,5.4
178,2021-07-01T00:00:20.000Z,5,219021335,DNK,XPE7622,37,7,8,3,3,0,8,25,15,0,1.4
179,2021-07-01T00:00:20.000Z,5,211672720,DEU,DG8216,99,7,7,3,2,1,8,16,14,0,1.3
180,2021-07-01T00:00:20.000Z,5,257280400,NOR,LFZS,60,22,18,6,4,1,5,8,14,0,2.8
181,2021-07-01T00:00:20.000Z,5,244210283,NLD,PH5308,60,47,15,2,5,0,8,30,17,0,2.9
182,2021-07-01T00:00:20.000Z,5,244700523,NLD,PB7953,70,70,10,3,5,0,1,1,0,26,0
183,2021-07-01T00:00:20.000Z,5,245881000,NLD,PHTW,80,88,12,5,9,0,7,2,18,0,3
184,2021-07-01T00:00:20.000Z,5,219787000,DNK,OZRN,30,17,3,2,2,1,12,24,0,0,3.5
185,2021-07-01T00:00:21.000Z,5,211242880,DEU,DA3090,99,6,19,5,1,1,1,1,23,59,2
186,2021-07-01T00:00:21.000Z,5,636013054,NLD,A8KG7,80,204,39,21,21,0,7,1,9,0,12.6
187,2021-07-01T00:00:21.000Z,5,244650142,NLD,PC6974,37,24,15,5,3,0,7,24,12,21,2.9
188,2021-07-01T00:00:21.000Z,5,258266000,NOR,LNUJ,60,40,47,7,9,1,6,18,19,0,4
189,2021-07-01T00:00:21.000Z,5,255806263,DNK,CQAS5,89,149,34,9,23,1,7,2,20,0,8
190,2021-07-01T00:00:21.000Z,5,255806263,DEU,CQAS5,89,149,34,9,23,1,7,2,20,0,8
191,2021-07-01T00:00:21.000Z,5,255806263,SWE,CQAS5,89,149,34,9,23,1,7,2,20,0,8
192,2021-07-01T00:00:21.000Z,5,244660002,NLD,PD8686,90,98,12,7,5,0,6,15,0,0,0
193,2021-07-01T00:00:21.000Z,5,209183000,POL,5BWX4,69,25,125,17,6,1,6,30,20,35,5.9
194,2021-07-01T00:00:21.000Z,5,218172000,DEU,DFJE,70,12,68,16,3,1,6,29,17,0,2.8
195,2021-07-01T00:00:21.000Z,5,244630458,NLD,PBFE,52,8,15,7,1,0,4,18,11,30,2.2
196,2021-07-01T00:00:22.000Z,5,257616600,NOR,LFWC,60,10,6,3,3,0,11,3,15,0,1.5
197,2021-07-01T00:00:22.000Z,5,232020323,DEU,MEPW5,52,13,13,4,8,1,6,28,7,0,3
198,2021-07-01T00:00:22.000Z,5,209989000,DEU,5BNE5,70,77,13,9,5,1,6,29,1,0,3.8
199,2021-07-01T00:00:22.000Z,5,219461000,DNK,OXGA,33,63,44,9,0,1,6,30,20,0,3.8
200,2021-07-01T00:00:22.000Z,5,219461000,SWE,OXGA,33,63,44,9,0,1,6,30,20,0,3.8
201,2021-07-01T00:00:22.000Z,5,219076000,SWE,OWIM2,89,108,33,19,3,1,6,29,21,30,8.6
202,2021-07-01T00:00:22.000Z,5,257335000,NOR,LAFO8,70,20,58,9,9,1,4,10,16,0,5
203,2021-07-01T00:00:23.000Z,5,205340000,NLD,ORKJ,52,19,56,13,5,0,7,8,6,0,6.4
204,2021-07-01T00:00:23.000Z,5,259367000,NOR,JWMY,90,27,66,10,12,1,6,24,11,0,7
205,2021-07-01T00:00:23.000Z,5,219010747,DEU,OXBW2,34,39,4,4,6,1,5,24,17,0,1.2
206,2021-07-01T00:00:23.000Z,5,244140444,NLD,PA4771,80,135,0,18,0,0,7,1,21,20,0
207,2021-07-01T00:00:23.000Z,5,275482000,DNK,YLOO,70,69,12,5,6,1,7,1,10,0,2.8
208,2021-07-01T00:00:23.000Z,5,275482000,SWE,YLOO,70,69,12,5,6,1,7,1,10,0,2.8
209,2021-07-01T00:00:23.000Z,5,211534760,POL,DH8804,69,8,40,1,1,0,3,5,14,30,0.2
210,2021-07-01T00:00:23.000Z,5,219017151,NLD,OUXR2,90,10,70,9,7,0,7,2,10,0,4.9
211,2021-07-01T00:00:23.000Z,5,218824000,NLD,DJPQ2,59,44,44,9,9,0,6,23,22,0,5.5
212,2021-07-01T00:00:23.000Z,5,219661000,NLD,OXYA,30,18,7,0,7,0,10,29,8,0,5.9
213,2021-07-01T00:00:23.000Z,5,211913000,DEU,DRBD,35,27,62,11,2,6,12,31,23,59,4.6
214,2021-07-01T00:00:23.000Z,5,244700493,NLD,PD3252,70,95,15,5,7,0,5,26,17,0,3.2
215,2021-07-01T00:00:23.000Z,5,246221000,DEU,PBZF,55,5,10,2,3,1,6,8,16,0,1.1
216,2021-07-01T00:00:23.000Z,5,244770331,NLD,PF2403,60,17,5,3,1,0,2,3,12,0,1.7
217,2021-07-01T00:00:23.000Z,5,259132000,NOR,JWNI,30,50,22,6,9,1,5,30,21,0,8
218,2021-07-01T00:00:23.000Z,5,232007628,DNK,MAXR6,90,34,75,12,12,1,6,17,7,0,0
219,2021-07-01T00:00:24.000Z,5,219010747,DNK,OXBW2,34,39,4,4,6,1,5,24,17,0,1.2
220,2021-07-01T00:00:24.000Z,5,246555000,DEU,PHHC,79,95,16,7,7,1,7,3,11,0,3.8
221,2021-07-01T00:00:24.000Z,5,265588980,DNK,SLHZ,95,11,10,3,2,1,10,24,21,0,2
222,2021-07-01T00:00:24.000Z,5,265588980,SWE,SLHZ,95,11,10,3,2,1,10,24,21,0,2
223,2021-07-01T00:00:24.000Z,5,244670174,NLD,PF9271,90,33,6,5,1,0,10,8,10,30,2
224,2021-07-01T00:00:24.000Z,5,212356000,DEU,5BRQ4,70,92,15,5,11,1,6,28,12,0,5.1
225,2021-07-01T00:00:24.000Z,5,304677000,DEU,V2OS4,70,75,15,10,5,0,7,1,4,0,3.9
226,2021-07-01T00:00:24.000Z,5,219000188,DNK,OVMR,51,0,0,0,0,1,6,19,17,0,2.5
227,2021-07-01T00:00:24.000Z,5,211590200,NLD,DH0,80,95,15,3,9,0,6,30,20,0,0
228,2021-07-01T00:00:25.000Z,5,636019612,DEU,D5VH6,70,97,17,7,9,1,6,27,21,0,5
229,2021-07-01T00:00:25.000Z,5,205340000,BEL,ORKJ,52,19,56,13,5,1,7,8,6,0,6.4
230,2021-07-01T00:00:25.000Z,5,219945000,SWE,OWFU2,69,31,147,10,20,1,1,7,8,30,6.2
231,2021-07-01T00:00:25.000Z,5,219945000,DNK,OWFU2,69,31,147,10,20,1,1,7,8,30,6.2
232,2021-07-01T00:00:25.000Z,5,636017713,NLD,D5MJ4,70,208,42,17,26,0,7,6,6,0,7.5
233,2021-07-01T00:00:25.000Z,5,211172020,DEU,DF4368,55,10,6,3,2,1,2,20,15,0,1.4
234,2021-07-01T00:00:25.000Z,5,211229200,DEU,DLIT,99,41,8,6,5,1,5,26,1,0,1.3
235,2021-07-01T00:00:25.000Z,5,219355000,SWE,OYPD2,80,70,23,5,9,1,7,2,5,30,5.8
236,2021-07-01T00:00:25.000Z,5,219355000,DNK,OYPD2,80,70,23,5,9,1,7,2,5,30,5.8
237,2021-07-01T00:00:25.000Z,5,205309000,DEU,ORMP,33,36,100,24,3,1,6,22,8,0,9.8
238,2021-07-01T00:00:25.000Z,5,314019000,NOR,8PLQ,79,72,11,6,5,1,7,2,8,0,4.9
239,2021-07-01T00:00:25.000Z,5,244030325,NLD,PCCL,30,15,3,1,4,0,2,7,0,0,1.5
240,2021-07-01T00:00:25.000Z,5,258108500,NOR,LNWS,60,10,13,2,6,1,7,2,17,0,2
241,2021-07-01T00:00:26.000Z,5,211450850,NLD,DBHA,55,16,34,10,10,0,7,5,4,0,4.6
242,2021-07-01T00:00:26.000Z,5,244690797,NLD,PC5127,70,0,172,12,0,0,6,26,6,0,2.9
243,2021-07-01T00:00:26.000Z,5,218197000,DEU,DFWA2,52,13,21,5,7,1,6,29,18,0,6
244,2021-07-01T00:00:26.000Z,5,219000186,DNK,OVMP,51,6,16,2,4,1,6,29,19,0,2.5
245,2021-07-01T00:00:26.000Z,5,257541000,NOR,LGGN,0,6,24,4,5,1,7,1,10,0,4.3
246,2021-07-01T00:00:26.000Z,5,269057758,NLD,HE7758,60,17,253,7,18,0,7,28,0,0,1.6
247,2021-07-01T00:00:26.000Z,5,246324000,NLD,PBPO,33,45,10,7,4,0,6,23,19,0,2.4
248,2021-07-01T00:00:26.000Z,5,258773000,NOR,LDAK,30,38,26,7,7,1,5,2,10,0,6.9
249,2021-07-01T00:00:26.000Z,5,229294000,DEU,9HA3212,52,8,16,5,7,1,6,2,10,0,5.8
250,2021-07-01T00:00:27.000Z,5,211240870,DEU,DJUY,60,10,18,6,2,1,6,23,10,30,3
251,2021-07-01T00:00:27.000Z,5,311000201,NLD,C6AZ6,70,78,11,4,9,0,7,3,8,0,3
252,2021-07-01T00:00:27.000Z,5,230630000,SWE,OJPR,70,71,17,6,6,1,7,2,6,0,5.8
253,2021-07-01T00:00:27.000Z,5,244700148,NLD,PB3562,0,103,11,3,10,0,8,5,13,0,0
254,2021-07-01T00:00:27.000Z,5,219000805,DNK,OU4323,70,8,4,2,2,1,6,27,15,0,1.8
255,2021-07-01T00:00:27.000Z,5,211327610,DEU,DLKJ,95,8,8,3,2,1,2,28,15,0,1.1
256,2021-07-01T00:00:27.000Z,5,257204000,NLD,LACU8,90,34,70,17,5,0,7,1,4,0,6.9
257,2021-07-01T00:00:28.000Z,5,259904000,NOR,LCNV,52,6,16,4,3,1,7,1,12,0,4
258,2021-07-01T00:00:28.000Z,5,219000187,DNK,OVMQ,51,0,0,0,0,1,5,27,20,19,2.5
259,2021-07-01T00:00:28.000Z,5,259549000,NOR,LCBD,20,4,29,8,2,1,10,4,18,0,2.7
260,2021-07-01T00:00:28.000Z,5,259155000,SWE,LNOJ,60,12,18,5,5,1,6,23,15,56,2.9
261,2021-07-01T00:00:28.000Z,5,211430400,DEU,DD3800,0,18,8,3,4,1,1,1,0,0,1.3
262,2021-07-01T00:00:29.000Z,5,273370640,SWE,UBAN4,90,34,53,8,10,3,7,1,5,0,6.6
263,2021-07-01T00:00:29.000Z,5,257706000,NOR,LATV,80,39,9,5,5,1,6,30,20,0,2.5
264,2021-07-01T00:00:29.000Z,5,309681000,DEU,C6WH6,70,101,30,17,3,1,6,15,6,0,7.8
265,2021-07-01T00:00:29.000Z,5,211295310,DEU,DBAU,51,13,15,5,1,1,7,1,10,0,1.9
266,2021-07-01T00:00:29.000Z,5,244670074,NLD,PB4331,80,98,12,8,4,0,6,29,21,27,2.9
267,2021-07-01T00:00:29.000Z,5,219017081,DNK,OUYM2,40,47,65,5,25,1,1,1,0,1,3.6
268,2021-07-01T00:00:29.000Z,5,211812980,DEU,DA2286,80,30,9,6,1,1,4,26,12,0,1.7
269,2021-07-01T00:00:29.000Z,5,219000333,DNK,XPB3047,59,20,10,4,4,1,1,10,0,0,5
270,2021-07-01T00:00:30.000Z,5,211614010,DEU,DJJS,52,10,10,3,3,1,3,23,13,0,2.9
271,2021-07-01T00:00:30.000Z,5,231815000,SWE,OZ2179,70,93,12,7,7,1,7,1,3,0,7.2
272,2021-07-01T00:00:30.000Z,5,231815000,DNK,OZ2179,70,93,12,7,7,1,7,1,3,0,7.2
273,2021-07-01T00:00:30.000Z,5,244190129,NLD,PDLH,55,15,25,3,7,0,6,30,18,0,2
274,2021-07-01T00:00:30.000Z,5,244730295,NLD,PE9620,37,14,6,1,3,0,5,19,0,0,0.2
275,2021-07-01T00:00:30.000Z,5,257468000,NOR,LDRO,31,31,64,12,12,1,6,23,0,30,7
276,2021-07-01T00:00:30.000Z,5,265550210,SWE,SHXY,80,25,12,4,4,1,10,17,13,0,2
277,2021-07-01T00:00:31.000Z,5,244700823,DEU,PI2226,52,7,7,1,3,1,10,17,9,0,1.7
278,2021-07-01T00:00:31.000Z,5,211316470,DEU,DEAQ,52,13,15,3,5,1,5,17,9,18,4.6
279,2021-07-01T00:00:31.000Z,5,211282710,DEU,DCZI,52,13,18,7,5,1,9,8,13,0,5
280,2021-07-01T00:00:32.000Z,5,211552000,DEU,DIVQ,30,17,3,3,3,1,6,8,16,0,2.7
281,2021-07-01T00:00:32.000Z,5,219010873,DNK,OXSH2,70,6,10,2,3,1,6,11,14,0,1.5
282,2021-07-01T00:00:32.000Z,5,219000177,DNK,OVLG,51,7,18,2,4,1,6,30,14,0,2.5
283,2021-07-01T00:00:32.000Z,5,219000897,DEU,OYPG,30,10,7,4,3,1,6,29,9,0,3
284,2021-07-01T00:00:32.000Z,5,219113000,DNK,OXAJ2,99,17,65,9,9,8,7,1,7,0,5.5
285,2021-07-01T00:00:32.000Z,5,219016906,DEU,OZHL,60,8,32,1,10,1,12,31,0,0,3
286,2021-07-01T00:00:32.000Z,5,257273000,DEU,LAOH3,90,20,19,5,5,1,6,10,3,0,3.5
287,2021-07-01T00:00:33.000Z,5,257847600,NOR,LDOV,62,68,76,9,12,1,5,14,10,0,4
288,2021-07-01T00:00:33.000Z,5,246605000,DEU,PCHL,80,99,20,9,9,1,6,30,9,0,7.3
289,2021-07-01T00:00:33.000Z,5,257267400,NOR,LAIA,69,25,25,5,6,1,6,29,17,30,3.5
290,2021-07-01T00:00:33.000Z,5,244059000,SWE,PEAE,79,73,16,5,9,1,7,2,20,0,5.4
291,2021-07-01T00:00:33.000Z,5,211180550,DEU,DD4025,99,6,12,2,3,1,2,4,18,0,0
292,2021-07-01T00:00:33.000Z,5,636015008,DEU,A8YA6,70,192,33,11,21,1,6,30,0,0,13.3
293,2021-07-01T00:00:33.000Z,5,244650896,NLD,PD3959,70,100,10,6,6,0,1,30,23,59,1.7
294,2021-07-01T00:00:33.000Z,5,246384000,NLD,PIWR,33,65,15,6,3,0,6,21,22,0,2.2
295,2021-07-01T00:00:33.000Z,5,219000158,DNK,OVLF,51,9,16,2,4,1,2,28,13,0,2.5
296,2021-07-01T00:00:33.000Z,5,219000158,SWE,OVLF,51,9,16,2,4,1,2,28,13,0,2.5
297,2021-07-01T00:00:34.000Z,5,244207000,DNK,PEQP,36,29,10,5,2,1,5,30,16,0,2.8
298,2021-07-01T00:00:34.000Z,5,211375510,DEU,DBCO,99,12,12,2,4,1,7,1,10,0,1.5
299,2021-07-01T00:00:34.000Z,5,219423000,DEU,OXML2,60,22,148,15,12,1,3,7,8,45,5.5
300,2021-07-01T00:00:34.000Z,5,211559990,DEU,DF2088,33,6,11,2,2,1,12,31,0,0,2.5
301,2021-07-01T00:00:34.000Z,5,244710443,NLD,PB7873,33,47,7,5,2,0,1,12,12,0,0.3
302,2021-07-01T00:00:34.000Z,5,211667590,DEU,DMRK,52,10,19,7,6,1,2,8,12,0,5.4
303,2021-07-01T00:00:35.000Z,5,219423000,DNK,OXML2,60,22,148,15,12,1,3,7,8,45,5.5
304,2021-07-01T00:00:35.000Z,5,211147880,DEU,DB3310,99,6,12,2,3,1,1,1,0,0,0
305,2021-07-01T00:00:35.000Z,5,219002786,DNK,OYXY,51,11,11,3,3,1,8,11,5,0,1.8
306,2021-07-01T00:00:35.000Z,5,219765000,DNK,OWFH,30,20,15,3,5,0,1,1,0,0,5.5
307,2021-07-01T00:00:35.000Z,5,249776000,NOR,9HA4374,80,101,15,11,4,1,7,1,19,0,6.2
308,2021-07-01T00:00:35.000Z,5,249776000,DNK,9HA4374,80,101,15,11,4,1,7,1,19,0,6.2
309,2021-07-01T00:00:35.000Z,5,244740950,NLD,PG4433,60,30,0,2,4,0,12,31,23,59,0.2
310,2021-07-01T00:00:35.000Z,5,246571000,SWE,PHII,70,110,9,6,6,1,6,29,18,0,5.7
311,2021-07-01T00:00:36.000Z,5,244347000,DEU,PBQU,79,5,88,5,9,1,7,1,16,0,4.6
312,2021-07-01T00:00:36.000Z,5,244890901,NLD,PBPM,70,75,13,6,8,0,6,25,7,0,5
313,2021-07-01T00:00:36.000Z,5,211112870,DEU,DA4899,99,5,10,2,2,1,3,6,10,0,1.4
314,2021-07-01T00:00:36.000Z,5,265573140,SWE,SEZV___,60,48,48,7,7,1,12,31,0,0,5
315,2021-07-01T00:00:36.000Z,5,211103000,DEU,DCWH,30,24,11,7,0,0,5,5,14,0,0
316,2021-07-01T00:00:36.000Z,5,373689000,NLD,H3IU,70,194,34,11,24,0,6,27,3,58,13.5
317,2021-07-01T00:00:36.000Z,5,257601000,NOR,LAWF7,82,84,16,8,9,1,6,29,18,30,5.2
318,2021-07-01T00:00:36.000Z,5,215800000,DEU,9HA5295,71,131,165,31,7,1,6,29,9,0,8.7
319,2021-07-01T00:00:36.000Z,5,219024957,NLD,OXBN2,70,14,45,11,6,0,6,27,7,0,5.5
320,2021-07-01T00:00:36.000Z,5,209313000,DEU,5BAM5,70,70,12,6,6,1,7,3,1,0,3.2
321,2021-07-01T00:00:37.000Z,5,220018000,SWE,OWAB2,84,64,15,8,5,1,6,30,10,0,4.8
322,2021-07-01T00:00:37.000Z,5,220018000,DNK,OWAB2,84,64,15,8,5,1,6,30,10,0,4.8
323,2021-07-01T00:00:37.000Z,5,209864000,DEU,5BKU5,60,17,153,14,14,1,7,1,4,45,6.1
324,2021-07-01T00:00:37.000Z,5,211666720,DEU,DHNV2,40,18,8,4,6,1,6,30,16,0,2.3
325,2021-07-01T00:00:37.000Z,5,265831330,SWE,SFE4207,52,5,13,3,3,1,12,19,6,0,2.7
326,2021-07-01T00:00:37.000Z,5,211611070,DEU,DKYR,52,13,15,5,3,1,7,1,12,0,5.3
327,2021-07-01T00:00:37.000Z,5,235095778,NLD,2GAM3,40,17,4,4,4,0,5,29,17,0,1.7
328,2021-07-01T00:00:37.000Z,5,230925000,NOR,OJIX,70,10,143,16,4,3,7,1,7,30,6.2
329,2021-07-01T00:00:37.000Z,5,538009082,NOR,V7A4293,70,96,21,7,13,1,6,30,21,0,5.3
330,2021-07-01T00:00:37.000Z,5,219491000,DNK,OWSJ2,70,17,16,5,7,0,7,6,9,0,2.6
331,2021-07-01T00:00:38.000Z,5,219016663,DNK,OZIY2,40,11,10,3,3,1,12,23,8,0,2.1
332,2021-07-01T00:00:38.000Z,5,219016663,SWE,OZIY2,40,11,10,3,3,1,12,23,8,0,2.1
333,2021-07-01T00:00:38.000Z,5,246503000,NLD,PFFQ,30,18,6,5,1,0,12,14,0,0,2.5
334,2021-07-01T00:00:38.000Z,5,209864000,DNK,5BKU5,60,17,153,14,14,1,7,1,4,45,6.1
335,2021-07-01T00:00:38.000Z,5,244690665,DEU,PF3998,79,72,4,8,0,0,6,28,16,0,2.5
336,2021-07-01T00:00:38.000Z,5,219000429,DEU,OZLB2,60,23,119,13,13,1,12,31,23,59,5
337,2021-07-01T00:00:38.000Z,5,245439000,DEU,PCLE,31,20,11,5,7,1,6,29,6,0,2.9
338,2021-07-01T00:00:38.000Z,5,219002827,SWE,5QRJ,30,2,13,2,3,1,8,25,21,32,2.8
339,2021-07-01T00:00:38.000Z,5,219002827,DNK,5QRJ,30,2,13,2,3,1,8,25,21,32,2.8
340,2021-07-01T00:00:38.000Z,5,371039000,DNK,3EEG2,70,76,12,6,5,1,7,6,15,0,5.2
341,2021-07-01T00:00:39.000Z,5,244687000,NLD,PIZQ,30,16,4,2,4,0,8,31,16,35,4.6
342,2021-07-01T00:00:39.000Z,5,266263000,SWE,SEMW,36,25,15,4,4,1,6,27,14,0,4
343,2021-07-01T00:00:39.000Z,5,219000429,DNK,OZLB2,60,23,119,13,13,1,12,31,23,59,5
344,2021-07-01T00:00:39.000Z,5,563089500,BEL,9V6321,70,172,27,21,11,1,7,5,4,0,6.5
345,2021-07-01T00:00:39.000Z,5,212788000,DEU,5BUR4,90,35,75,5,17,1,6,25,3,0,6.7
346,2021-07-01T00:00:40.000Z,5,258858000,DNK,LAKN6,89,103,26,15,5,1,6,29,7,0,6.3
347,2021-07-01T00:00:40.000Z,5,258658000,NOR,LDJG3,90,19,75,14,6,1,6,30,8,0,5.3
348,2021-07-01T00:00:40.000Z,5,266203000,SWE,SBCD,80,63,7,11,2,1,6,27,12,0,6
349,2021-07-01T00:00:40.000Z,5,244770296,DEU,PH7186,37,19,4,2,3,0,1,1,0,0,0.1
350,2021-07-01T00:00:40.000Z,5,305847000,DEU,V2FY2,70,113,16,6,10,1,7,1,0,0,5.1
351,2021-07-01T00:00:40.000Z,5,261044070,POL,SPG4727,52,10,22,5,7,1,1,18,15,0,5.5
352,2021-07-01T00:00:40.000Z,5,211226330,DEU,DBMV,90,10,10,2,3,1,1,1,0,0,0.8
353,2021-07-01T00:00:41.000Z,5,211228170,POL,DJQH,60,10,23,5,2,1,6,30,19,0,0
354,2021-07-01T00:00:41.000Z,5,220256000,SWE,XP2207,30,0,0,0,0,1,9,12,4,18,0
355,2021-07-01T00:00:41.000Z,5,220256000,DNK,XP2207,30,0,0,0,0,1,9,12,4,18,0
356,2021-07-01T00:00:41.000Z,5,305847000,DNK,V2FY2,70,113,16,6,10,1,7,1,0,0,5.1
357,2021-07-01T00:00:41.000Z,5,205553390,NLD,OT5533,90,124,11,9,9,0,6,30,15,0,0
358,2021-07-01T00:00:41.000Z,5,211805140,DEU,DFIA,52,10,16,5,4,1,8,31,23,59,2.7
359,2021-07-01T00:00:41.000Z,5,341874000,NOR,V4DN4,79,62,12,8,2,1,6,9,13,0,3
360,2021-07-01T00:00:41.000Z,5,232019804,DEU,MELY9,31,20,64,10,10,1,6,22,18,0,5.9
361,2021-07-01T00:00:41.000Z,5,258825000,NOR,LFBI,52,7,51,7,8,1,6,29,14,0,4.5
362,2021-07-01T00:00:42.000Z,5,636017971,DEU,A8EG9,79,15,194,15,15,1,6,30,8,30,9
363,2021-07-01T00:00:42.000Z,5,245872000,NLD,PDHA,70,130,12,11,10,0,6,25,20,0,5.6
364,2021-07-01T00:00:42.000Z,5,211805140,DNK,DFIA,52,10,16,5,4,1,8,31,23,59,2.7
365,2021-07-01T00:00:42.000Z,5,211261090,DEU,DJTT,52,8,8,3,3,1,5,30,15,30,2.4
366,2021-07-01T00:00:42.000Z,5,257022550,NOR,LERO,52,10,36,5,5,1,6,21,17,0,3.8
367,2021-07-01T00:00:43.000Z,5,257060020,NOR,LFIE,49,12,12,3,4,1,4,6,7,6,1.2
368,2021-07-01T00:00:43.000Z,5,245175000,DEU,PHIJ,60,5,15,3,2,1,6,30,18,0,1.2
369,2021-07-01T00:00:43.000Z,5,246724000,DEU,PCDI,70,71,18,10,2,1,6,30,6,0,3.3
370,2021-07-01T00:00:43.000Z,5,257058920,NOR,LAYP7,60,45,184,14,14,1,6,28,16,0,7.2
371,2021-07-01T00:00:43.000Z,5,257058920,SWE,LAYP7,60,45,184,14,14,1,6,28,16,0,7.2
372,2021-07-01T00:00:43.000Z,5,257058920,DNK,LAYP7,60,45,184,14,14,1,6,28,16,0,7.2
373,2021-07-01T00:00:43.000Z,5,257061910,NOR,LFNQ,69,22,22,6,6,1,3,14,16,15,2.5
374,2021-07-01T00:00:43.000Z,5,244650648,POL,PBFM,40,16,10,5,5,1,6,30,17,10,2.2
375,2021-07-01T00:00:44.000Z,5,244596000,DNK,PCBM,36,50,0,2,4,1,6,27,18,0,2.8
376,2021-07-01T00:00:44.000Z,5,261044050,POL,SPG4716,52,7,25,8,5,1,6,10,21,0,5.5
377,2021-07-01T00:00:44.000Z,5,538090452,DEU,V7ZQ5,79,177,23,14,17,1,6,29,21,0,8.2
378,2021-07-01T00:00:44.000Z,5,305639000,DEU,V2FD3,79,84,4,6,6,1,6,30,20,30,5.6
379,2021-07-01T00:00:44.000Z,5,244710393,NLD,PB8568,60,9,3,3,1,0,3,19,18,15,1.2
380,2021-07-01T00:00:44.000Z,5,258687000,DEU,LAVG7,90,10,76,10,9,1,7,1,4,0,5.4
381,2021-07-01T00:00:44.000Z,5,232013231,DEU,MCJZ5,40,17,10,5,4,1,6,30,1,30,1.6
382,2021-07-01T00:00:45.000Z,5,266266000,DNK,SLHJ,89,105,25,19,1,1,7,1,7,0,6.7
383,2021-07-01T00:00:45.000Z,5,258687000,DNK,LAVG7,90,10,76,10,9,1,7,1,4,0,5.4
384,2021-07-01T00:00:45.000Z,5,244700485,DEU,PE3771,79,66,14,4,4,0,11,12,15,28,0
385,2021-07-01T00:00:45.000Z,5,211286620,DEU,DCVR,60,20,27,8,4,1,6,1,14,35,1.2
386,2021-07-01T00:00:46.000Z,5,314318000,DEU,8PWR,70,75,20,9,5,1,7,1,21,0,3.2
387,2021-07-01T00:00:46.000Z,5,219022580,DEU,OXCV2,99,23,65,8,10,1,6,22,21,0,5
388,2021-07-01T00:00:46.000Z,5,218801000,SWE,DJBU2,70,68,14,2,9,1,7,3,9,0,2.7
389,2021-07-01T00:00:47.000Z,5,211243440,DNK,DHMG,60,11,23,3,8,1,5,15,11,0,1.5
390,2021-07-01T00:00:47.000Z,5,211243440,DEU,DHMG,60,11,23,3,8,1,5,15,11,0,1.5
391,2021-07-01T00:00:47.000Z,5,247386800,FIN,IBRT,70,20,172,20,6,0,7,3,0,0,7.6
392,2021-07-01T00:00:47.000Z,5,247386800,SWE,IBRT,70,20,172,20,6,0,7,3,0,0,7.6
393,2021-07-01T00:00:47.000Z,5,265318000,DNK,SERW,36,42,8,2,6,1,5,13,9,0,3
394,2021-07-01T00:00:47.000Z,5,265318000,SWE,SERW,36,42,8,2,6,1,5,13,9,0,3
395,2021-07-01T00:00:47.000Z,5,244750017,NLD,PI3010,90,8,19,3,3,0,4,26,13,42,2.2
396,2021-07-01T00:00:47.000Z,5,538003911,DNK,V7TZ3,84,145,29,18,10,1,7,1,8,0,10.4
397,2021-07-01T00:00:47.000Z,5,210075000,NLD,5BNF3,70,76,14,6,6,0,5,8,9,0,3.4
398,2021-07-01T00:00:47.000Z,5,211328570,DEU,DNDE,52,5,18,5,2,1,6,23,16,59,2.9
399,2021-07-01T00:00:47.000Z,5,244700612,NLD,PE3883,70,75,10,3,5,0,6,29,16,36,0
400,2021-07-01T00:00:48.000Z,5,247386800,EST,IBRT,70,20,172,20,6,0,7,3,0,0,7.6
401,2021-07-01T00:00:48.000Z,5,236297000,DEU,ZDHB8,70,91,8,9,5,1,6,30,19,0,3.7
402,2021-07-01T00:00:48.000Z,5,245121000,DEU,PDKQ,33,65,15,6,3,1,6,25,20,15,2.8
403,2021-07-01T00:00:48.000Z,5,259602000,NOR,LJVB,30,40,28,6,6,1,6,9,11,30,7.5
404,2021-07-01T00:00:48.000Z,5,211286490,DEU,DBKO,55,13,17,5,2,1,12,31,23,59,2.1
405,2021-07-01T00:00:48.000Z,5,244345000,NLD,PEDH,30,30,12,5,3,0,6,24,4,0,5.9
406,2021-07-01T00:00:49.000Z,5,244660534,NLD,PF3933,70,63,0,0,7,0,1,1,0,0,0
407,2021-07-01T00:00:49.000Z,5,244095457,DEU,PD5269,90,98,12,4,8,0,6,15,10,50,0
408,2021-07-01T00:00:49.000Z,5,255806306,DEU,CQAX8,52,8,19,3,8,1,6,30,21,30,3
409,2021-07-01T00:00:49.000Z,5,211750690,DEU,DFJY,80,57,12,5,5,1,7,1,13,30,3.7
410,2021-07-01T00:00:49.000Z,5,205309590,DEU,OT3095,99,78,8,3,6,1,11,22,6,0,1.3
411,2021-07-01T00:00:49.000Z,5,305820000,DNK,V2ED3,52,16,33,7,7,1,7,1,18,0,5.5
412,2021-07-01T00:00:49.000Z,5,305820000,NOR,V2ED3,52,16,33,7,7,1,7,1,18,0,5.5
413,2021-07-01T00:00:49.000Z,5,211789900,DNK,DJBF,40,10,20,5,5,1,6,30,16,45,1.8
414,2021-07-01T00:00:49.000Z,5,211789900,DEU,DJBF,40,10,20,5,5,1,6,30,16,45,1.8
415,2021-07-01T00:00:49.000Z,5,266334000,SWE,SMPL,55,30,19,6,6,1,1,11,0,0,4
416,2021-07-01T00:00:49.000Z,5,266334000,DNK,SMPL,55,30,19,6,6,1,1,11,0,0,4
417,2021-07-01T00:00:50.000Z,5,246872000,DEU,PCPT,79,14,94,8,8,1,6,28,19,0,4.2
418,2021-07-01T00:00:50.000Z,5,255805897,DEU,CQYR,70,109,191,16,32,1,6,29,9,0,9.8
419,2021-07-01T00:00:50.000Z,5,244860262,NLD,PB4224,60,11,27,2,6,0,5,31,10,0,2
420,2021-07-01T00:00:50.000Z,5,219551000,NLD,OZHJ2,70,108,88,15,15,0,7,1,14,0,6.1
421,2021-07-01T00:00:50.000Z,5,255806306,DNK,CQAX8,52,8,19,3,8,1,6,30,21,30,3
422,2021-07-01T00:00:50.000Z,5,253201000,DNK,LXDU,71,158,17,4,23,1,7,1,16,0,10.4
423,2021-07-01T00:00:50.000Z,5,265663280,SWE,SHBR,51,7,8,3,2,1,1,1,0,0,0.9
424,2021-07-01T00:00:51.000Z,5,219000742,DEU,OYEL,69,11,20,1,9,0,11,1,21,10,2
425,2021-07-01T00:00:51.000Z,5,265609960,DNK,SDGC,0,8,7,1,3,1,4,1,12,0,0
426,2021-07-01T00:00:51.000Z,5,265609960,SWE,SDGC,0,8,7,1,3,1,4,1,12,0,0
427,2021-07-01T00:00:51.000Z,5,244150137,NLD,PB6963,80,65,20,3,7,0,12,14,21,0,2.5
428,2021-07-01T00:00:51.000Z,5,211411980,DEU,DBHX,90,18,12,2,4,1,6,30,14,0,2
429,2021-07-01T00:00:51.000Z,5,244750254,NLD,PF8829,60,1,22,2,3,0,1,1,3,0,0.2
430,2021-07-01T00:00:51.000Z,5,220474000,DNK,OVJJ2,70,17,60,7,7,1,6,11,8,0,5.1
431,2021-07-01T00:00:51.000Z,5,244670571,NLD,PF3046,70,76,10,6,3,0,1,1,0,0,0.3
432,2021-07-01T00:00:51.000Z,5,244670111,NLD,PE8757,33,35,5,4,4,0,12,31,23,59,0
433,2021-07-01T00:00:52.000Z,5,258153000,NOR,LNVS,90,22,68,11,11,1,6,30,21,0,7
434,2021-07-01T00:00:52.000Z,5,244700361,NLD,PD8292,33,71,15,10,0,0,12,16,16,37,3.2
435,2021-07-01T00:00:52.000Z,5,219001461,DNK,OYTI2,33,25,10,3,5,1,6,7,11,0,2.5
436,2021-07-01T00:00:52.000Z,5,244022194,NLD,PB8971,37,6,15,2,4,0,3,1,12,0,1.2
437,2021-07-01T00:00:52.000Z,5,246646000,DEU,PBWO,70,108,25,8,8,1,6,9,2,0,7.7
438,2021-07-01T00:00:52.000Z,5,210113000,DEU,5BQL5,80,80,19,1,13,1,7,3,8,0,5.8
439,2021-07-01T00:00:52.000Z,5,236669000,NOR,ZDPF8,82,77,13,9,6,1,7,1,9,0,5.5
440,2021-07-01T00:00:52.000Z,5,259479000,NOR,JWNM,40,17,16,5,5,1,3,23,11,50,2
441,2021-07-01T00:00:52.000Z,5,257256000,NOR,LCZF,70,14,14,4,4,1,11,18,20,30,4.1
442,2021-07-01T00:00:53.000Z,5,636092681,DEU,A8KV3,79,224,80,15,25,1,6,30,13,30,10.7
443,2021-07-01T00:00:53.000Z,5,219019287,DNK,OWND,30,7,10,3,3,1,3,11,16,15,3.7
444,2021-07-01T00:00:53.000Z,5,218367000,DEU,DMJZ,30,21,3,6,2,0,2,1,9,15,3.7
445,2021-07-01T00:00:53.000Z,5,538006973,NOR,V7TK6,70,203,26,22,10,1,7,2,8,0,11.8
446,2021-07-01T00:00:53.000Z,5,220068000,DNK,OWUV,55,10,10,4,4,0,7,1,15,0,1.4
447,2021-07-01T00:00:53.000Z,5,246646000,SWE,PBWO,70,108,25,8,8,1,6,9,2,0,7.7
448,2021-07-01T00:00:53.000Z,5,210113000,DNK,5BQL5,80,80,19,1,13,1,7,3,8,0,5.8
449,2021-07-01T00:00:53.000Z,5,477006100,DNK,VROG3,70,251,41,26,19,1,7,11,10,5,9
450,2021-07-01T00:00:53.000Z,5,477006100,NOR,VROG3,70,251,41,26,19,1,7,11,10,5,9
451,2021-07-01T00:00:53.000Z,5,265563780,SWE,SGVZ,52,10,14,2,5,1,3,1,12,0,3.8
452,2021-07-01T00:00:53.000Z,5,211641190,DEU,DD8012,0,8,36,4,4,0,1,25,22,0,1.3
453,2021-07-01T00:00:53.000Z,5,215816000,DNK,9HA5298,89,87,20,3,13,1,7,4,8,0,5.3
454,2021-07-01T00:00:54.000Z,5,244002007,NLD,PH3644,90,73,13,7,3,0,9,21,10,0,3.2
455,2021-07-01T00:00:54.000Z,5,247302900,DEU,ICPE,60,46,207,19,19,1,7,1,4,30,7.3
456,2021-07-01T00:00:54.000Z,5,269057371,NLD,HE4,60,25,110,7,4,0,1,29,14,0,1.7
457,2021-07-01T00:00:54.000Z,5,257654700,NOR,LF5597,51,9,5,2,2,1,12,30,1,1,0.8
458,2021-07-01T00:00:54.000Z,5,232008661,NLD,MBES8,90,80,9,7,7,0,6,30,14,0,3.5
459,2021-07-01T00:00:54.000Z,5,211393390,DEU,DKKT2,99,14,14,4,6,1,6,29,9,0,3
460,2021-07-01T00:00:54.000Z,5,244170943,NLD,PE7048,37,15,12,1,5,0,1,1,0,0,1.2
461,2021-07-01T00:00:54.000Z,5,236522000,DEU,ZDJF5,80,120,29,14,10,1,6,30,4,0,6.6
462,2021-07-01T00:00:54.000Z,5,231024000,DNK,OZ2164,70,81,7,5,9,1,7,1,7,0,4.4
463,2021-07-01T00:00:54.000Z,5,563050500,DEU,9V8896,71,184,46,18,19,1,7,1,14,0,11.1
464,2021-07-01T00:00:54.000Z,5,211815690,DEU,DBBP,55,33,54,8,5,0,6,29,15,0,4.2
465,2021-07-01T00:00:54.000Z,5,215973000,DEU,9HA5400,60,18,121,11,11,1,7,1,8,30,5.8
466,2021-07-01T00:00:54.000Z,5,230984000,SWE,OJML,70,132,9,13,8,1,7,2,3,30,7.2
467,2021-07-01T00:00:54.000Z,5,275513000,DNK,YLRD,70,78,5,6,6,1,6,18,6,0,3.2
468,2021-07-01T00:00:54.000Z,5,275513000,DEU,YLRD,70,78,5,6,6,1,6,18,6,0,3.2
469,2021-07-01T00:00:54.000Z,5,244650648,DEU,PBFM,40,16,10,5,5,1,6,30,17,10,2.2
470,2021-07-01T00:00:54.000Z,5,244647000,DEU,PFED,33,27,7,3,8,1,4,10,16,0,1.9
471,2021-07-01T00:00:55.000Z,5,275504000,DEU,YLPO,70,79,11,4,10,1,6,30,14,30,3.9
472,2021-07-01T00:00:55.000Z,5,247302900,SWE,ICPE,60,46,207,19,19,1,7,1,4,30,7.3
473,2021-07-01T00:00:55.000Z,5,247302900,DNK,ICPE,60,46,207,19,19,1,7,1,4,30,7.3
474,2021-07-01T00:00:55.000Z,5,355351000,NLD,H9AT,70,32,107,4,19,0,6,30,9,30,6.8
475,2021-07-01T00:00:55.000Z,5,211415000,NLD,DLZN,30,14,5,4,2,0,9,27,10,0,2.5
476,2021-07-01T00:00:55.000Z,5,246017000,NLD,PGBM,55,15,20,4,4,0,6,30,16,0,1.2
477,2021-07-01T00:00:55.000Z,5,219025426,DEU,OYED2,70,20,6,4,6,1,6,22,17,50,2.2
478,2021-07-01T00:00:55.000Z,5,244399000,NLD,PFBA,30,32,10,3,6,0,4,30,18,0,4.5
479,2021-07-01T00:00:55.000Z,5,219005323,DNK,OWVV,37,7,9,2,3,1,5,13,18,0,2.5
480,2021-07-01T00:00:55.000Z,5,244201000,LVA,PCSK,79,141,10,12,11,1,6,30,16,0,7.4
481,2021-07-01T00:00:56.000Z,5,244670995,NLD,PD5133,90,64,3,1,8,0,11,15,17,57,4.8
482,2021-07-01T00:00:56.000Z,5,244780077,NLD,PF4373,90,74,10,7,7,0,9,12,0,0,0.4
483,2021-07-01T00:00:56.000Z,5,636092890,NLD,D5SN7,70,123,14,11,10,0,7,20,7,0,7.1
484,2021-07-01T00:00:56.000Z,5,244030670,DEU,PA2019,80,73,13,7,4,1,1,1,0,0,0
485,2021-07-01T00:00:56.000Z,5,219000185,DNK,OVMO,51,7,15,2,4,1,3,21,14,0,2.5
486,2021-07-01T00:00:56.000Z,5,235095777,DNK,2GAM2,40,12,7,3,3,1,6,28,17,59,1.8
487,2021-07-01T00:00:56.000Z,5,244690420,NLD,PG3702,60,22,4,3,2,0,1,1,0,26,0
488,2021-07-01T00:00:56.000Z,5,219370000,NLD,OZTU2,70,7,93,20,20,0,7,1,4,0,8.8
489,2021-07-01T00:00:56.000Z,5,244740923,NLD,PD3593,52,10,7,2,3,0,8,29,17,0,2
490,2021-07-01T00:00:56.000Z,5,244740924,NLD,PH7759,70,85,0,4,5,0,6,28,13,0,2.2
491,2021-07-01T00:00:56.000Z,5,273358180,DEU,UBZI9,80,114,26,8,9,1,6,30,17,0,4
492,2021-07-01T00:00:56.000Z,5,244730278,NLD,PF9222,80,30,10,3,2,0,1,18,11,0,1.2
493,2021-07-01T00:00:56.000Z,5,211720660,DEU,DCZB,40,18,10,5,4,1,6,30,6,0,0
494,2021-07-01T00:00:56.000Z,5,209287000,NLD,5BAB5,70,197,32,26,6,0,4,28,12,0,4
495,2021-07-01T00:00:56.000Z,5,211275030,DEU,DF3959,53,6,5,3,1,1,6,30,7,0,0.8
496,2021-07-01T00:00:56.000Z,5,259612000,NOR,LJVY,30,30,38,6,8,1,1,1,1,1,7.5
497,2021-07-01T00:00:57.000Z,5,205245890,NLD,OT2458,80,120,15,9,3,0,7,1,13,0,3.9
498,2021-07-01T00:00:57.000Z,5,211425130,DEU,DJJU,99,8,14,2,3,0,6,21,9,0,2.8
499,2021-07-01T00:00:57.000Z,5,249208000,NOR,9HA4150,80,144,36,7,20,1,7,1,16,0,8.1
500,2021-07-01T00:00:57.000Z,5,248366000,NLD,9HA4632,60,16,119,4,8,0,12,22,20,0,1.8
501,2021-07-01T00:00:57.000Z,5,211590050,DEU,DC 6091,80,65,15,3,6,0,3,20,17,0,1.4
502,2021-07-01T00:00:57.000Z,5,211622450,DEU,DB5973,99,86,0,10,0,0,8,26,6,21,0.3
503,2021-07-01T00:00:57.000Z,5,211284350,DEU,DIUR,70,86,14,7,10,1,6,30,18,0,7.4
504,2021-07-01T00:00:57.000Z,5,244150086,DEU,PBTN,75,11,79,14,1,1,6,28,6,0,4.9
505,2021-07-01T00:00:57.000Z,5,211278920,DEU,DKJZ2,99,14,10,4,5,1,5,29,10,0,2.4
506,2021-07-01T00:00:57.000Z,5,372266000,NLD,HO2127,90,29,9,4,4,0,6,27,19,0,3.5
507,2021-07-01T00:00:57.000Z,5,314298000,NOR,8PVZ,70,82,16,4,10,1,7,2,16,0,4.5
508,2021-07-01T00:00:57.000Z,5,211223190,DEU,DQKQ,33,66,14,2,12,1,6,11,12,0,5.2
509,2021-07-01T00:00:57.000Z,5,244690887,NLD,PH3777,60,32,4,3,3,0,9,1,12,0,1.1
510,2021-07-01T00:00:57.000Z,5,211514540,DEU,DBLG,50,13,4,3,3,1,11,22,18,0,0.8
511,2021-07-01T00:00:57.000Z,5,211578060,DEU,DK6770,33,22,5,4,3,1,7,11,15,0,0.2
512,2021-07-01T00:00:57.000Z,5,244219047,NLD,PA4185,70,93,12,7,2,0,4,17,6,0,0.1
513,2021-07-01T00:00:57.000Z,5,211292140,POL,DBBZ,55,10,9,3,3,1,6,22,14,0,1.4
514,2021-07-01T00:00:58.000Z,5,211697170,NLD,DG8786,80,73,12,5,5,0,5,19,17,36,1.3
515,2021-07-01T00:00:58.000Z,5,211307150,DEU,DBLA,70,12,14,1,6,0,6,23,10,0,2
516,2021-07-01T00:00:58.000Z,5,257953800,NOR,LEGP,70,26,8,7,7,1,12,29,21,0,4
517,2021-07-01T00:00:58.000Z,5,218627000,DEU,DFUT2,71,156,12,0,26,1,7,3,5,0,8.5
518,2021-07-01T00:00:58.000Z,5,255806175,SWE,CQAH5,70,102,16,4,11,1,7,1,14,0,6
519,2021-07-01T00:00:58.000Z,5,255806175,DNK,CQAH5,70,102,16,4,11,1,7,1,14,0,6
520,2021-07-01T00:00:59.000Z,5,244620640,DEU,PD6043,79,120,15,5,7,1,7,22,20,0,0
521,2021-07-01T00:00:59.000Z,5,244770328,NLD,PE5592,90,10,8,4,4,0,12,21,19,0,1.1
522,2021-07-01T00:00:59.000Z,5,209071000,NLD,5BDK3,52,25,15,5,9,0,3,17,12,0,2
523,2021-07-01T00:00:59.000Z,5,244850970,DEU,PBTF,71,132,10,11,10,0,6,30,9,0,5.8
524,2021-07-01T00:00:59.000Z,5,244008000,LTU,PIAD,70,73,17,10,5,1,7,4,0,0,5.5
525,2021-07-01T00:00:59.000Z,5,211233860,DEU,DLKD,53,9,9,2,3,1,6,10,19,0,1.7
526,2021-07-01T00:00:59.000Z,5,211546580,NLD,DG3684,80,54,8,6,2,0,7,13,17,0,2.2
527,2021-07-01T00:00:59.000Z,5,244013654,DEU,PBYM,0,11,79,6,9,1,7,2,3,0,4.8
528,2021-07-01T00:00:59.000Z,5,211513350,NLD,DF6434,80,76,10,6,4,0,6,29,12,45,1.5
529,2021-07-01T00:00:59.000Z,5,219005059,DNK,OUJC2,33,34,6,6,6,1,6,22,18,0,3
530,2021-07-01T00:01:00.000Z,5,211798120,DEU,DD2047,60,4,22,4,2,1,7,1,11,35,1.1
531,2021-07-01T00:01:00.000Z,5,211474300,DEU,DB4362,80,84,2,5,5,0,6,26,11,19,2.5
532,2021-07-01T00:01:00.000Z,5,257091500,NOR,LK9608,95,5,5,2,2,1,3,21,12,34,0.8
533,2021-07-01T00:01:00.000Z,5,232027489,DEU,MHHH4,40,17,10,5,4,0,6,30,18,0,1.7
534,2021-07-01T00:01:00.000Z,5,636017070,SWE,D5JD7,70,152,28,11,19,1,7,4,12,0,9.9
535,2021-07-01T00:01:00.000Z,5,211221570,DEU,DLVW,90,15,9,3,3,1,12,1,0,0,1.5
536,2021-07-01T00:01:00.000Z,5,211215290,DEU,DB2565,70,73,12,8,2,0,1,13,18,0,2.5
537,2021-07-01T00:01:00.000Z,5,244870150,NLD,PE6492,33,7,33,7,7,0,6,29,11,30,0.6
538,2021-07-01T00:01:01.000Z,5,244730227,NLD,PD2418,33,38,12,4,3,0,6,29,0,0,0.2
539,2021-07-01T00:01:01.000Z,5,244870327,DNK,PDCO,33,79,20,3,13,1,6,25,12,30,6.5
540,2021-07-01T00:01:01.000Z,5,636017070,EST,D5JD7,70,152,28,11,19,1,7,4,12,0,9.9
541,2021-07-01T00:01:01.000Z,5,636019065,SWE,D5ST8,70,30,109,18,5,1,7,2,21,0,8.2
542,2021-07-01T00:01:01.000Z,5,244820740,NLD,PC4922,90,5,11,1,3,0,5,16,0,0,1.3
543,2021-07-01T00:01:01.000Z,5,244730771,NLD,PH3329,60,40,1,4,2,0,7,1,15,0,1
544,2021-07-01T00:01:02.000Z,5,565090000,NOR,S6EF4,99,16,90,34,34,1,5,19,18,0,10.5
545,2021-07-01T00:01:02.000Z,5,636020384,NLD,D5YZ2,70,112,254,18,33,0,7,1,13,30,15
546,2021-07-01T00:01:02.000Z,5,269057231,NLD,HE7231,60,20,90,4,7,0,7,2,1,0,1.6
547,2021-07-01T00:01:02.000Z,5,240244000,DEU,SYIO,80,232,18,27,17,1,7,3,18,0,6.7
548,2021-07-01T00:01:02.000Z,5,211222700,DEU,DLFB,52,8,19,4,5,1,5,31,0,0,3.2
549,2021-07-01T00:01:02.000Z,5,636019065,DNK,D5ST8,70,30,109,18,5,1,7,2,21,0,8.2
550,2021-07-01T00:01:03.000Z,5,235090733,DNK,2FFC5,52,12,12,5,5,1,10,29,19,0,2.3
551,2021-07-01T00:01:03.000Z,5,211625350,DEU,DIIH2,52,13,19,8,3,1,6,29,23,0,5.9
552,2021-07-01T00:01:03.000Z,5,240244000,SWE,SYIO,80,232,18,27,17,1,7,3,18,0,6.7
553,2021-07-01T00:01:03.000Z,5,246154000,DEU,PDBL,50,10,11,3,2,1,8,20,14,0,1.2
554,2021-07-01T00:01:03.000Z,5,255806519,SWE,CQEY4,80,115,29,21,2,1,6,30,13,0,9.2
555,2021-07-01T00:01:03.000Z,5,244700519,NLD,PB8839,30,13,3,3,3,0,2,14,20,19,1.8
556,2021-07-01T00:01:03.000Z,5,218728000,DEU,DFVT,70,49,11,9,3,1,6,30,8,0,3.5
557,2021-07-01T00:01:03.000Z,5,244710587,NLD,PI3392,60,27,7,5,1,0,12,30,0,0,0.2
558,2021-07-01T00:01:03.000Z,5,215908000,LVA,9HJX8,70,82,13,4,9,1,7,2,9,0,6.4
559,2021-07-01T00:01:03.000Z,5,244710034,NLD,PE2169,37,22,1,3,1,0,8,25,12,0,1.2
560,2021-07-01T00:01:03.000Z,5,304833000,DEU,V2BJ4,70,67,13,8,5,1,6,30,7,0,2.8
561,2021-07-01T00:01:04.000Z,5,258241000,NOR,LFZI,70,45,21,5,6,1,7,1,14,0,4.5
562,2021-07-01T00:01:04.000Z,5,231670000,NLD,OZ2155,80,124,20,4,19,0,7,3,6,30,8.3
563,2021-07-01T00:01:04.000Z,5,211523660,DEU,DJTV,52,7,17,4,3,1,5,25,2,0,3
564,2021-07-01T00:01:04.000Z,5,212357000,NLD,5BNG2,70,164,20,19,6,0,7,2,2,0,9.3
565,2021-07-01T00:01:04.000Z,5,258242500,NOR,LCBF,52,16,16,6,6,1,6,12,14,30,5.4
566,2021-07-01T00:01:04.000Z,5,244810225,DEU,PCWV,33,11,11,4,4,0,4,19,20,0,2.5
567,2021-07-01T00:01:04.000Z,5,257040610,NOR,LAFV8,90,16,73,10,9,1,6,14,10,0,5.7
568,2021-07-01T00:01:04.000Z,5,219004263,DNK,OVNP,51,8,4,3,3,1,11,10,0,0,1.6
569,2021-07-01T00:01:05.000Z,5,258062000,NOR,LIKJ,70,65,10,9,2,1,7,1,7,0,3.8
570,2021-07-01T00:01:05.000Z,5,538006369,NLD,V7MJ5,80,74,26,4,14,0,7,2,10,0,5
571,2021-07-01T00:01:05.000Z,5,244780678,NLD,PA3446,0,69,16,4,4,0,8,26,23,0,0.4
572,2021-07-01T00:01:05.000Z,5,311807000,DNK,C6XA3,80,230,45,26,22,1,6,18,9,0,9.1
573,2021-07-01T00:01:05.000Z,5,311807000,SWE,C6XA3,80,230,45,26,22,1,6,18,9,0,9.1
574,2021-07-01T00:01:05.000Z,5,211555420,POL,DCZO,33,37,7,7,6,1,3,17,12,0,1.2
575,2021-07-01T00:01:05.000Z,5,219861000,NLD,OWGK2,70,116,283,29,29,0,7,2,11,0,12.3
576,2021-07-01T00:01:06.000Z,5,244700710,NLD,PB7275,90,85,15,8,4,0,9,13,23,0,0.2
577,2021-07-01T00:01:06.000Z,5,314188000,DNK,8PRW,70,78,10,7,6,1,7,4,16,0,5.5
578,2021-07-01T00:01:06.000Z,5,245910000,DEU,PFQY,33,20,20,4,5,1,6,21,8,0,2
579,2021-07-01T00:01:06.000Z,5,219022580,NLD,OXCV2,90,23,65,8,10,0,6,22,21,0,5
580,2021-07-01T00:01:06.000Z,5,205220190,NLD,OT2201,70,73,12,6,4,0,7,1,9,59,2.7
581,2021-07-01T00:01:06.000Z,5,246343000,DEU,PHCT,52,5,13,4,4,1,6,25,21,0,3.2
582,2021-07-01T00:01:06.000Z,5,245387000,NLD,PBVM,55,17,27,7,3,0,6,30,21,0,3
583,2021-07-01T00:01:06.000Z,5,211250470,DEU,DQVD,90,11,8,2,3,1,6,29,14,0,3.2
584,2021-07-01T00:01:06.000Z,5,211757540,DEU,DKER2,60,28,125,20,3,1,6,1,1,0,5.2
585,2021-07-01T00:01:06.000Z,5,211757540,DNK,DKER2,60,28,125,20,3,1,6,1,1,0,5.2
586,2021-07-01T00:01:06.000Z,5,229849000,DNK,9HA3660,70,75,15,7,6,1,6,30,5,0,5.9
587,2021-07-01T00:01:06.000Z,5,229849000,SWE,9HA3660,70,75,15,7,6,1,6,30,5,0,5.9
588,2021-07-01T00:01:07.000Z,5,219000776,DEU,OUYL2,69,30,141,19,1,1,7,1,22,0,5.4
589,2021-07-01T00:01:07.000Z,5,244900029,NLD,PC8923,60,8,1,2,2,0,6,6,4,30,0.6
590,2021-07-01T00:01:07.000Z,5,211202730,DEU,DBAH,51,12,16,5,2,1,5,29,17,30,2.1
591,2021-07-01T00:01:07.000Z,5,211164080,DEU,DG2521,90,20,20,2,6,1,8,12,19,0,3
592,2021-07-01T00:01:07.000Z,5,211717470,DEU,DHWU2,52,8,22,4,5,1,6,7,10,0,4.6
593,2021-07-01T00:01:07.000Z,5,265563720,SWE,SDRJ,69,3,14,3,2,1,12,31,23,59,2.3
594,2021-07-01T00:01:07.000Z,5,265563720,DNK,SDRJ,69,3,14,3,2,1,12,31,23,59,2.3
595,2021-07-01T00:01:07.000Z,5,219003406,DNK,OU6596,52,7,8,2,2,1,7,2,10,0,2.5
596,2021-07-01T00:01:07.000Z,5,636020062,SWE,D5XM5,80,216,33,22,22,1,7,2,18,0,12.5
597,2021-07-01T00:01:07.000Z,5,244129902,NLD,PG9569,70,67,18,3,7,0,4,3,19,23,0.3
598,2021-07-01T00:01:08.000Z,5,246115000,NLD,PBGX,90,10,10,3,2,0,4,4,23,59,0
599,2021-07-01T00:01:08.000Z,5,314188000,SWE,8PRW,70,78,10,7,6,1,7,4,16,0,5.5
600,2021-07-01T00:01:08.000Z,5,244136378,NLD,PH4096,37,25,15,3,5,0,12,31,10,0,2.5
601,2021-07-01T00:01:08.000Z,5,257121020,NOR,LH4180,0,66,16,2,9,1,3,20,12,0,2.8
602,2021-07-01T00:01:08.000Z,5,636020062,DNK,D5XM5,80,216,33,22,22,1,7,2,18,0,12.5
603,2021-07-01T00:01:08.000Z,5,538008212,DNK,V7A2088,80,210,34,23,19,1,7,3,16,0,8.5
604,2021-07-01T00:01:08.000Z,5,636018620,NLD,D5QO6,70,72,16,5,9,0,6,19,13,0,5.6
605,2021-07-01T00:01:08.000Z,5,352637000,NOR,HO9232,0,23,23,9,11,1,1,11,0,0,1.8
606,2021-07-01T00:01:08.000Z,5,244620968,DEU,PE3997,79,95,15,5,6,1,12,31,22,0,2.5
607,2021-07-01T00:01:08.000Z,5,244630019,NLD,PH7612,80,76,10,9,3,0,7,1,5,8,2.4
608,2021-07-01T00:01:08.000Z,5,305356000,DEU,V2QG6,52,22,27,5,9,1,12,15,18,0,6
609,2021-07-01T00:01:08.000Z,5,211292140,DEU,DBBZ,55,10,9,3,3,1,6,22,14,0,1.4
610,2021-07-01T00:01:09.000Z,5,636091619,DEU,A8QL5,71,212,16,19,13,1,7,1,16,30,11.5
611,2021-07-01T00:01:09.000Z,5,258004560,NOR,LGSK,40,7,13,3,3,1,3,28,19,13,1.8
612,2021-07-01T00:01:09.000Z,5,219022390,DNK,OWEH,37,19,8,3,4,1,4,3,16,0,2
613,2021-07-01T00:01:09.000Z,5,219022390,SWE,OWEH,37,19,8,3,4,1,4,3,16,0,2
614,2021-07-01T00:01:09.000Z,5,374881000,DNK,3FWW6,70,120,28,11,11,1,7,3,1,0,6.7
615,2021-07-01T00:01:09.000Z,5,374881000,SWE,3FWW6,70,120,28,11,11,1,7,3,1,0,6.7
616,2021-07-01T00:01:09.000Z,5,219005938,DNK,XP 3807,30,3,7,2,2,1,6,30,5,0,2
617,2021-07-01T00:01:09.000Z,5,257245000,DNK,LACO8,70,16,81,12,8,1,6,28,11,0,5.6
618,2021-07-01T00:01:09.000Z,5,211363240,DNK,DIQP,36,6,9,0,4,0,6,30,16,0,1.5
619,2021-07-01T00:01:09.000Z,5,257012200,NOR,JWAO,35,5,24,2,6,1,3,21,12,34,0
620,2021-07-01T00:01:09.000Z,5,265706350,SWE,SKXI,60,49,51,11,7,1,1,1,0,0,4.5
621,2021-07-01T00:01:09.000Z,5,257254000,NOR,LNTU,30,3,23,4,3,1,1,1,0,0,0
622,2021-07-01T00:01:09.000Z,5,219448000,DEU,OWKJ2,90,16,6,5,3,1,6,29,15,0,2
623,2021-07-01T00:01:09.000Z,5,219002587,DNK,OU5271,54,15,0,0,4,0,4,27,16,0,2
624,2021-07-01T00:01:10.000Z,5,255805865,DEU,CQZL,71,233,66,33,15,1,6,30,12,30,12.5
625,2021-07-01T00:01:10.000Z,5,219000195,SWE,OUSR,33,48,18,6,6,1,6,30,22,0,4.5
626,2021-07-01T00:01:10.000Z,5,244730429,NLD,PH2155,0,32,6,6,1,0,2,1,3,0,0.3
627,2021-07-01T00:01:10.000Z,5,257042700,NOR,LLIX,69,32,32,5,5,1,3,14,8,0,3.5
628,2021-07-01T00:01:10.000Z,5,210548000,NLD,5BRE3,90,23,137,0,49,0,7,1,2,0,5.9
629,2021-07-01T00:01:10.000Z,5,212597000,NOR,5BRH4,70,94,5,15,1,1,7,31,3,0,4.5
630,2021-07-01T00:01:10.000Z,5,219000028,DNK,OVSK2,69,48,48,7,8,1,9,2,8,0,3.4
631,2021-07-01T00:01:10.000Z,5,219000028,SWE,OVSK2,69,48,48,7,8,1,9,2,8,0,3.4
632,2021-07-01T00:01:10.000Z,5,219448000,DNK,OWKJ2,90,16,6,5,3,1,6,29,15,0,2
633,2021-07-01T00:01:10.000Z,5,211436040,DEU,DPZK,52,10,14,5,6,1,6,8,20,0,5.6
634,2021-07-01T00:01:11.000Z,5,211540960,NLD,DF6778,80,74,12,6,4,0,6,28,18,0,1.5
635,2021-07-01T00:01:11.000Z,5,563074600,DNK,9V5383,80,205,45,20,24,1,7,2,22,1,9
636,2021-07-01T00:01:11.000Z,5,265820920,SWE,SFE3159,37,10,4,2,2,6,4,10,16,51,1.4
637,2021-07-01T00:01:11.000Z,5,211235220,DEU,DBBR,51,11,12,3,3,1,1,1,0,0,1.6
638,2021-07-01T00:01:11.000Z,5,257525600,DNK,LIBV,30,5,13,3,3,1,6,27,1,0,3.5
639,2021-07-01T00:01:11.000Z,5,244243240,NLD,PF6849,70,57,15,4,5,0,7,3,15,0,2.4
640,2021-07-01T00:01:12.000Z,5,211537340,DEU,DJ3183,69,5,35,4,3,0,4,10,18,0,0.2
641,2021-07-01T00:01:12.000Z,5,205444690,DEU,OT4446,52,3,10,1,2,1,4,27,0,0,1.8
642,2021-07-01T00:01:12.000Z,5,211235220,DNK,DBBR,51,11,12,3,3,1,1,1,0,0,1.6
643,2021-07-01T00:01:12.000Z,5,236283000,DEU,ZDGV9,80,100,20,7,10,1,6,30,22,45,5.2
644,2021-07-01T00:01:13.000Z,5,211206900,NLD,DCNN,60,15,63,12,1,0,7,31,19,30,3.2
645,2021-07-01T00:01:13.000Z,5,244890853,DEU,PBPL,51,9,15,5,3,1,6,16,23,55,3.8
646,2021-07-01T00:01:13.000Z,5,244890853,DNK,PBPL,51,9,15,5,3,1,6,16,23,55,3.8
647,2021-07-01T00:01:13.000Z,5,211772130,DEU,DA6683,69,6,14,2,4,0,6,27,19,40,0
648,2021-07-01T00:01:13.000Z,5,212853000,NLD,5BRT4,70,74,14,8,5,0,7,4,19,0,5.5
649,2021-07-01T00:01:13.000Z,5,244239000,DEU,PHJF,70,74,12,6,6,1,6,29,20,0,4.3
650,2021-07-01T00:01:13.000Z,5,246758000,DEU,PCIV,52,13,18,5,5,1,6,22,1,0,4.8
651,2021-07-01T00:01:13.000Z,5,566646000,SWE,9V5012,70,153,26,9,20,1,6,29,8,0,7.2
652,2021-07-01T00:01:13.000Z,5,211363350,DEU,DLKC,79,12,29,4,4,1,6,24,19,0,1.5
653,2021-07-01T00:01:13.000Z,5,245789000,SWE,PCEO,70,151,17,12,13,1,7,4,10,0,10.5
654,2021-07-01T00:01:13.000Z,5,236283000,DNK,ZDGV9,80,100,20,7,10,1,6,30,22,45,5.2
655,2021-07-01T00:01:13.000Z,5,258166000,NOR,LIQV,70,7,43,5,5,1,7,1,4,0,3.8
656,2021-07-01T00:01:13.000Z,5,244850968,NOR,PBQC,70,127,15,10,10,1,7,2,3,0,6.6
657,2021-07-01T00:01:13.000Z,5,246723000,DEU,PCDF,90,16,57,3,13,1,5,28,9,0,3.9
658,2021-07-01T00:01:14.000Z,5,211397620,DEU,DKUJ,33,5,11,4,1,0,3,15,11,0,1.7
659,2021-07-01T00:01:14.000Z,5,244710266,DEU,PH6114,79,54,11,6,2,0,12,12,0,0,0
660,2021-07-01T00:01:14.000Z,5,244790509,SWE,PCEJ,70,82,19,5,10,1,6,30,6,0,6.2
661,2021-07-01T00:01:14.000Z,5,259379000,NOR,LIKD,60,10,26,3,3,0,6,30,23,0,2.2
662,2021-07-01T00:01:14.000Z,5,219437000,NLD,OWKM2,70,139,92,15,15,0,7,1,19,0,7
663,2021-07-01T00:01:14.000Z,5,563051800,DEU,9V7575,70,213,59,15,25,1,7,1,18,0,13.2
664,2021-07-01T00:01:14.000Z,5,566646000,DNK,9V5012,70,153,26,9,20,1,6,29,8,0,7.2
665,2021-07-01T00:01:14.000Z,5,211178250,DEU,DB9041,80,69,17,6,3,1,10,13,12,31,0
666,2021-07-01T00:01:14.000Z,5,211205970,DEU,DBBC,55,25,27,5,5,1,6,30,19,0,3.5
667,2021-07-01T00:01:14.000Z,5,230693000,DEU,OJTT,70,80,8,7,6,1,7,1,20,0,5.5
668,2021-07-01T00:01:14.000Z,5,244700498,NLD,PB7936,80,110,0,0,14,0,12,30,16,1,3
669,2021-07-01T00:01:14.000Z,5,257339000,NOR,LCZX3,90,20,60,9,8,1,7,1,7,0,4.6
670,2021-07-01T00:01:14.000Z,5,219011491,DNK,OUHB,33,65,10,7,2,1,6,29,23,0,3.5
671,2021-07-01T00:01:15.000Z,5,211397620,DNK,DKUJ,33,5,11,4,1,0,3,15,11,0,1.7
672,2021-07-01T00:01:15.000Z,5,211245200,POL,DQLV,69,28,172,22,7,1,7,1,3,40,6
673,2021-07-01T00:01:15.000Z,5,255806192,DEU,CQAJ6,82,110,16,9,10,1,7,1,11,0,6
674,2021-07-01T00:01:15.000Z,5,244750282,NLD,PE3364,90,55,12,4,3,0,1,1,0,0,0
675,2021-07-01T00:01:15.000Z,5,255806440,DEU,CQEO5,70,101,13,5,9,1,7,4,6,0,6.2
676,2021-07-01T00:01:15.000Z,5,244790265,NLD,PC9635,90,10,24,6,1,0,5,11,14,0,2
677,2021-07-01T00:01:15.000Z,5,258098500,NOR,LNPR,40,10,13,2,6,1,6,19,17,30,2
678,2021-07-01T00:01:15.000Z,5,219012073,DNK,OZBE2,0,28,26,14,1,1,5,24,7,0,2.7
679,2021-07-01T00:01:15.000Z,5,219001214,DNK,OYVO,33,5,10,3,3,1,7,1,15,5,0
680,2021-07-01T00:01:15.000Z,5,219001214,SWE,OYVO,33,5,10,3,3,1,7,1,15,5,0
681,2021-07-01T00:01:15.000Z,5,231852000,DNK,OZ2194,70,23,116,12,12,1,6,28,7,0,5.3
682,2021-07-01T00:01:15.000Z,5,209014000,DNK,P3ME6,70,76,12,6,6,1,6,25,5,0,3.4
683,2021-07-01T00:01:15.000Z,5,209014000,SWE,P3ME6,70,76,12,6,6,1,6,25,5,0,3.4
684,2021-07-01T00:01:15.000Z,5,209867000,DEU,5BKV5,60,26,132,7,17,1,7,1,1,45,5.9
685,2021-07-01T00:01:16.000Z,5,245184000,NOR,PHOM,79,90,10,8,7,1,6,24,22,0,7.1
686,2021-07-01T00:01:16.000Z,5,236598000,DNK,ZDKD8,70,91,16,10,5,1,7,1,4,0,6.9
687,2021-07-01T00:01:16.000Z,5,211438440,DEU,DDIX,30,10,2,2,2,1,5,27,17,0,1.4
688,2021-07-01T00:01:16.000Z,5,255806192,DNK,CQAJ6,82,110,16,9,10,1,7,1,11,0,6
689,2021-07-01T00:01:16.000Z,5,235106183,NLD,2HSC3,40,8,11,4,4,0,5,24,9,7,1.7
690,2021-07-01T00:01:16.000Z,5,219372000,DNK,OZGK,30,28,28,8,4,1,4,8,22,0,6
691,2021-07-01T00:01:16.000Z,5,219372000,NOR,OZGK,30,28,28,8,4,1,4,8,22,0,6
692,2021-07-01T00:01:16.000Z,5,211555420,DEU,DCZO,33,37,7,7,6,1,3,17,12,0,1.2
693,2021-07-01T00:01:16.000Z,5,311601000,DNK,C6TD9,80,77,22,11,5,1,7,2,2,30,5.2
694,2021-07-01T00:01:16.000Z,5,244660378,NLD,PH4142,60,16,37,3,7,0,5,16,22,0,2.4
695,2021-07-01T00:01:16.000Z,5,212172000,DEU,P3ZU9,70,74,26,10,10,1,7,2,3,0,5.2
696,2021-07-01T00:01:17.000Z,5,219026261,DNK,OYMQ,45,17,19,5,5,1,6,28,7,30,1.2
697,2021-07-01T00:01:17.000Z,5,259837000,POL,LJLQ3,70,68,12,9,4,1,7,5,9,0,4.1
698,2021-07-01T00:01:17.000Z,5,311601000,NOR,C6TD9,80,77,22,11,5,1,7,2,2,30,5.2
699,2021-07-01T00:01:17.000Z,5,257273900,NOR,LHOI,70,6,30,4,4,1,3,21,12,34,0
700,2021-07-01T00:01:18.000Z,5,257328000,DEU,LAZU5,70,173,25,12,20,1,6,30,15,0,7.2
701,2021-07-01T00:01:18.000Z,5,259351000,NOR,LIDD,33,36,11,4,5,1,8,15,23,59,0
702,2021-07-01T00:01:18.000Z,5,244859000,DNK,PCIT,80,100,15,8,8,1,7,1,3,0,5.1
703,2021-07-01T00:01:18.000Z,5,255714000,DEU,CQSJ,82,85,15,12,5,0,7,5,12,0,7
704,2021-07-01T00:01:18.000Z,5,244170442,NLD,PD9181,70,43,8,5,2,0,7,2,9,23,0
705,2021-07-01T00:01:18.000Z,5,636018490,NLD,D5PX5,70,160,18,12,16,0,7,3,7,0,9.3
706,2021-07-01T00:01:18.000Z,5,372002000,NLD,3FUA7,70,21,119,13,9,0,7,1,1,0,6
707,2021-07-01T00:01:18.000Z,5,211536840,DEU,DBLL,50,14,5,3,3,1,12,23,7,0,1.8
708,2021-07-01T00:01:18.000Z,5,229630000,DEU,9HA3465,71,133,9,11,9,1,7,2,6,0,7.4
709,2021-07-01T00:01:19.000Z,5,211225920,DEU,DBLO,0,26,14,1,9,1,1,25,14,30,1.2
710,2021-07-01T00:01:19.000Z,5,219014219,DNK,OX2377,33,4,10,2,2,0,6,16,12,0,1.5
711,2021-07-01T00:01:19.000Z,5,219014219,DEU,OX2377,33,4,10,2,2,0,6,16,12,0,1.5
712,2021-07-01T00:01:19.000Z,5,244060097,NLD,PC8761,37,24,2,6,2,0,12,5,12,0,0
713,2021-07-01T00:01:19.000Z,5,211184520,DEU,DJ 6807,79,70,15,10,2,0,12,1,20,14,2.5
714,2021-07-01T00:01:19.000Z,5,220223000,DEU,OXJM2,79,103,97,15,15,1,7,1,13,30,7.6
715,2021-07-01T00:01:19.000Z,5,255806513,DNK,CQEX6,70,152,16,14,11,1,7,2,16,0,9.5
716,2021-07-01T00:01:19.000Z,5,255806513,SWE,CQEX6,70,152,16,14,11,1,7,2,16,0,9.5
717,2021-07-01T00:01:19.000Z,5,211745870,DEU,DJCR2,45,16,8,3,6,1,6,30,18,0,1.3
718,2021-07-01T00:01:19.000Z,5,258656000,DNK,LAXP7,70,81,13,12,3,1,7,1,8,30,6.1
719,2021-07-01T00:01:19.000Z,5,229630000,DNK,9HA3465,71,133,9,11,9,1,7,2,6,0,7.4
720,2021-07-01T00:01:19.000Z,5,244650576,NLD,PH8827,60,23,8,4,3,0,8,20,9,0,2.2
721,2021-07-01T00:01:20.000Z,5,258082000,NOR,LNSA,52,15,22,8,6,1,6,28,17,0,5.9
722,2021-07-01T00:01:20.000Z,5,220223000,DNK,OXJM2,79,103,97,15,15,1,7,1,13,30,7.6
723,2021-07-01T00:01:20.000Z,5,211225910,DEU,DBPL,55,30,10,4,4,1,5,30,11,30,1.2
724,2021-07-01T00:01:20.000Z,5,257465000,NOR,LEXD,60,50,110,17,16,1,6,25,14,0,5.7
725,2021-07-01T00:01:20.000Z,5,257045610,NOR,LFOA,30,45,25,8,7,1,3,21,12,34,0
726,2021-07-01T00:01:21.000Z,5,305279000,NOR,V2DO3,70,78,11,7,6,1,7,2,6,0,5.4
727,2021-07-01T00:01:21.000Z,5,219013539,DNK,OUPQ,30,5,15,4,3,1,1,29,20,0,0
728,2021-07-01T00:01:21.000Z,5,244810730,DEU,PBKU,90,77,10,8,3,1,6,30,16,0,2.8
729,2021-07-01T00:01:21.000Z,5,244730095,NLD,PC4085,60,20,1,1,4,0,10,21,0,0,0
730,2021-07-01T00:01:21.000Z,5,211222890,DEU,DGSK,31,30,25,11,14,1,6,23,15,0,2.6
731,2021-07-01T00:01:21.000Z,5,258771000,NOR,LEEV,52,14,13,1,11,1,6,29,18,0,2.7
732,2021-07-01T00:01:21.000Z,5,246759000,DEU,PCIW,52,10,19,5,5,1,6,27,13,30,4.8
733,2021-07-01T00:01:22.000Z,5,636019612,NLD,D5VH6,70,97,17,7,9,0,6,27,21,0,5
734,2021-07-01T00:01:22.000Z,5,372627000,DEU,3FDI5,70,35,197,31,1,1,7,1,17,30,9.5
735,2021-07-01T00:01:22.000Z,5,211230910,DEU,Y4OD,90,14,4,2,3,1,1,1,0,0,2.2
736,2021-07-01T00:01:23.000Z,5,576259000,DEU,"YJVW2 """,90,15,206,3,3,0,12,5,6,0,3.5
737,2021-07-01T00:01:23.000Z,5,240547000,SWE,SYIJ,80,204,45,20,24,1,6,15,22,0,14.4
738,2021-07-01T00:01:23.000Z,5,257069640,NOR,LFGF,79,30,46,6,9,1,8,29,0,0,7
739,2021-07-01T00:01:24.000Z,5,235108697,SWE,2IDB5,84,119,28,14,9,1,6,29,19,0,7.8
740,2021-07-01T00:01:24.000Z,5,576259000,SWE,"YJVW2 """,90,15,206,3,3,0,12,5,6,0,3.5
741,2021-07-01T00:01:24.000Z,5,576259000,DNK,"YJVW2 """,90,15,206,3,3,0,12,5,6,0,3.5
742,2021-07-01T00:01:24.000Z,5,211223950,DEU,DCCM,79,16,8,4,2,0,6,24,12,0,1.3
743,2021-07-01T00:01:24.000Z,5,219197000,DNK,OYFW2,70,22,61,8,11,1,9,17,14,30,3.9
744,2021-07-01T00:01:24.000Z,5,246695000,NOR,PCKX,90,152,23,4,22,1,6,30,23,0,7.4
745,2021-07-01T00:01:24.000Z,5,245709000,DEU,PIUN,33,85,15,6,9,1,5,4,6,0,3.5
746,2021-07-01T00:01:24.000Z,5,211592170,DEU,DHQI,52,8,16,4,4,1,10,20,11,30,3.6
747,2021-07-01T00:01:24.000Z,5,211202770,DEU,DA7437,79,87,10,4,9,0,5,3,22,0,3
748,2021-07-01T00:01:25.000Z,5,219018493,DNK,OVCL,51,4,2,2,2,1,1,1,10,19,0
749,2021-07-01T00:01:25.000Z,5,377661000,DNK,J8B2973,70,64,11,8,3,1,7,1,6,0,2.6
750,2021-07-01T00:01:25.000Z,5,219348000,NOR,OYPJ2,60,17,153,13,14,1,7,1,5,30,6.7
751,2021-07-01T00:01:25.000Z,5,211309260,DEU,DB7721,79,134,13,4,6,0,6,28,17,3,0
752,2021-07-01T00:01:25.000Z,5,236111906,BEL,ZDNF3,70,162,22,16,9,1,6,28,19,0,10
753,2021-07-01T00:01:25.000Z,5,219000892,DNK,OXPK2,33,22,5,3,3,1,5,30,12,0,1.8
754,2021-07-01T00:01:25.000Z,5,215872000,DNK,9HDX8,80,101,12,6,10,1,6,30,21,30,6.2
755,2021-07-01T00:01:25.000Z,5,538003932,NOR,V7UC8,84,86,22,6,14,1,7,4,14,0,5.3
756,2021-07-01T00:01:25.000Z,5,253371000,DEU,LXRV,70,90,9,5,9,1,7,2,6,0,4
757,2021-07-01T00:01:25.000Z,5,245253000,NLD,PDGH,30,16,5,3,2,0,7,6,10,0,0
758,2021-07-01T00:01:26.000Z,5,244150372,DNK,PBJS,30,20,14,4,4,1,11,9,0,0,5
759,2021-07-01T00:01:26.000Z,5,211718360,DEU,DFZX,70,80,8,6,7,1,7,2,15,0,5.2
760,2021-07-01T00:01:26.000Z,5,210061000,DEU,5BPJ5,70,65,10,4,6,1,6,30,20,0,4.4
761,2021-07-01T00:01:26.000Z,5,244140833,NLD,PB4073,37,26,12,1,5,0,7,1,14,0,2.5
762,2021-07-01T00:01:26.000Z,5,273314430,POL,UAQG,70,111,21,8,8,3,7,2,19,0,4.5
763,2021-07-01T00:01:26.000Z,5,253371000,SWE,LXRV,70,90,9,5,9,1,7,2,6,0,4
764,2021-07-01T00:01:27.000Z,5,247233800,NLD,ICEV,70,125,85,2,30,0,7,1,20,0,9.6
765,2021-07-01T00:01:27.000Z,5,219015382,DNK,OYCE2,75,12,15,5,5,1,6,30,3,0,2.2
766,2021-07-01T00:01:27.000Z,5,211390480,DEU,DGWV,90,14,8,1,5,1,6,30,19,35,3.6
767,2021-07-01T00:01:27.000Z,5,211225410,DEU,DGEI,0,35,13,7,2,1,7,1,1,0,2.3
768,2021-07-01T00:01:27.000Z,5,211245200,DEU,DQLV,69,28,172,22,7,1,7,1,3,40,6
769,2021-07-01T00:01:27.000Z,5,211245200,DNK,DQLV,69,28,172,22,7,1,7,1,3,40,6
770,2021-07-01T00:01:27.000Z,5,210067000,SWE,5BPL5,82,81,19,1,13,1,6,30,21,0,5.3
771,2021-07-01T00:01:27.000Z,5,245190000,SWE,PHOO,70,70,19,7,7,1,6,30,19,0,5.3
772,2021-07-01T00:01:27.000Z,5,257055910,NOR,LEWW,60,64,70,8,13,1,6,12,15,0,4.8
773,2021-07-01T00:01:28.000Z,5,219805000,NOR,OWPW2,89,120,27,4,18,1,7,2,2,0,9.1
774,2021-07-01T00:01:28.000Z,5,219000431,DNK,OYDX2,69,22,119,13,13,1,12,31,0,0,5
775,2021-07-01T00:01:28.000Z,5,219000431,DEU,OYDX2,69,22,119,13,13,1,12,31,0,0,5
776,2021-07-01T00:01:28.000Z,5,259188000,NOR,LMNU,60,17,38,11,3,1,12,12,12,12,1.1
777,2021-07-01T00:01:28.000Z,5,245017000,DEU,PHBC,79,6,84,7,7,1,7,1,20,0,3.8
778,2021-07-01T00:01:28.000Z,5,211505790,DEU,DB9862,79,155,145,11,9,0,5,30,15,30,1.2
779,2021-07-01T00:01:28.000Z,5,246878000,DEU,PCQG,80,122,33,4,18,1,7,2,10,0,6.4
780,2021-07-01T00:01:28.000Z,5,257071700,NOR,LACK,60,24,26,5,7,1,1,3,22,0,0
781,2021-07-01T00:01:28.000Z,5,257586000,NOR,LGDH,70,14,56,11,12,1,3,21,12,34,6
782,2021-07-01T00:01:29.000Z,5,211208420,DEU,DCVT,60,10,38,6,2,1,6,10,18,0,1.2
783,2021-07-01T00:01:29.000Z,5,244660839,NLD,PE6039,60,21,4,3,3,0,3,17,12,30,1.2
784,2021-07-01T00:01:29.000Z,5,477198000,SWE,VRYB8,70,171,28,20,10,1,7,1,10,0,6.5
785,2021-07-01T00:01:29.000Z,5,477198000,DNK,VRYB8,70,171,28,20,10,1,7,1,10,0,6.5
786,2021-07-01T00:01:29.000Z,5,219005954,DNK,XP4678,30,6,9,2,2,1,1,1,0,0,3
787,2021-07-01T00:01:29.000Z,5,211216660,DEU,DCKE,70,4,49,4,4,1,1,1,0,0,1.2
788,2021-07-01T00:01:29.000Z,5,235100957,DEU,2GVV2,52,8,19,2,7,1,6,21,9,0,2.8
789,2021-07-01T00:01:29.000Z,5,259837000,SWE,LJLQ3,70,68,12,9,4,1,7,5,9,0,4.1
790,2021-07-01T00:01:29.000Z,5,257734000,NOR,LLCK,90,12,72,9,9,1,6,30,7,30,5
791,2021-07-01T00:01:30.000Z,5,244060611,NLD,PC6158,70,43,7,2,4,0,8,28,18,0,0
792,2021-07-01T00:01:30.000Z,5,244670766,NLD,PB5160,60,34,0,0,9,0,2,10,15,0,2
793,2021-07-01T00:01:30.000Z,5,211806620,POL,DELW,59,16,12,2,4,0,6,22,10,0,2
794,2021-07-01T00:01:30.000Z,5,211800420,DEU,DBAO,51,9,11,2,3,0,12,31,0,0,1.5
795,2021-07-01T00:01:30.000Z,5,211536810,DEU,DBLI,50,15,4,2,3,0,3,31,8,15,1.8
796,2021-07-01T00:01:30.000Z,5,211231520,DEU,DKEZ,52,13,19,7,7,1,6,29,23,59,5.2
797,2021-07-01T00:01:30.000Z,5,211626110,DEU,DFJP,52,15,15,5,5,1,6,17,4,0,4.7
798,2021-07-01T00:01:30.000Z,5,211226370,DEU,DCJK,60,4,10,2,2,1,6,21,8,0,0.6
799,2021-07-01T00:01:30.000Z,5,211472160,DEU,DH5010,99,6,13,1,4,0,4,29,18,0,1.4
800,2021-07-01T00:01:30.000Z,5,219675000,DNK,OZJA2,82,65,20,3,10,1,7,4,2,0,4.8
801,2021-07-01T00:01:30.000Z,5,219675000,SWE,OZJA2,82,65,20,3,10,1,7,4,2,0,4.8
802,2021-07-01T00:01:31.000Z,5,211617060,DEU,DB7848,55,7,5,1,2,0,4,12,11,0,1
803,2021-07-01T00:01:31.000Z,5,219003452,DNK,OX3098,70,11,3,2,2,1,4,30,0,0,2.3
804,2021-07-01T00:01:31.000Z,5,211727730,DEU,DD9075,80,0,0,1,0,0,6,30,16,0,1.4
805,2021-07-01T00:01:31.000Z,5,211511770,DEU,DB4313,20,72,14,4,6,1,7,29,9,16,0
806,2021-07-01T00:01:31.000Z,5,244620518,NLD,PH9575,60,30,2,3,3,0,10,18,13,0,1.1
807,2021-07-01T00:01:31.000Z,5,219236000,DNK,OXFE2,40,68,41,8,22,1,6,30,10,15,3
808,2021-07-01T00:01:31.000Z,5,538008340,SWE,V7A2256,79,172,27,9,23,0,7,20,20,0,10.7
809,2021-07-01T00:01:31.000Z,5,219020398,DNK,OWOY2,95,26,15,4,4,1,6,15,0,1,4
810,2021-07-01T00:01:32.000Z,5,211312160,DEU,DFLO,50,7,18,7,7,1,6,8,12,45,3
811,2021-07-01T00:01:32.000Z,5,258280000,NOR,JWWR,79,26,11,2,5,1,10,30,9,0,3.7
812,2021-07-01T00:01:32.000Z,5,211218820,DEU,Y4HK,90,28,52,7,7,1,4,5,10,0,5.5
813,2021-07-01T00:01:32.000Z,5,244700923,NLD,PD2769,60,26,6,5,1,0,7,21,18,20,0.8
814,2021-07-01T00:01:32.000Z,5,220282000,DNK,OVQK2,51,22,22,6,6,1,6,30,12,0,4.5
815,2021-07-01T00:01:32.000Z,5,253082000,DEU,LXHK,33,37,121,16,12,1,6,14,6,0,10.3
816,2021-07-01T00:01:32.000Z,5,273317810,NOR,UCTB,70,59,19,8,4,3,7,2,10,0,5.8
817,2021-07-01T00:01:32.000Z,5,250000275,DEU,EI5875,30,10,10,3,3,1,1,29,7,0,3.6
818,2021-07-01T00:01:32.000Z,5,244750916,NLD,PG7416,90,95,15,5,6,0,3,11,15,0,0.3
819,2021-07-01T00:01:32.000Z,5,211463520,POL,DIYB,52,5,23,5,3,1,8,8,16,0,3
820,2021-07-01T00:01:32.000Z,5,244995000,DNK,PHLZ,79,80,10,6,7,1,7,2,7,0,3.9
821,2021-07-01T00:01:33.000Z,5,244750319,NLD,PE5953,90,65,8,4,4,0,6,29,11,45,2.7
822,2021-07-01T00:01:33.000Z,5,244250602,NLD,PF7627,60,3,16,2,2,0,12,31,0,0,1
823,2021-07-01T00:01:33.000Z,5,219005465,DEU,OVTL2,50,8,9,2,2,1,5,9,0,1,1.6
824,2021-07-01T00:01:33.000Z,5,244615779,NLD,PD8231,60,10,42,6,6,0,6,29,0,0,1.7
825,2021-07-01T00:01:33.000Z,5,219027463,DNK,OZTY2,80,109,21,7,13,1,6,29,20,0,8.2
826,2021-07-01T00:01:33.000Z,5,244730297,NLD,PB9359,70,76,10,5,4,0,5,17,12,0,0
827,2021-07-01T00:01:33.000Z,5,305458000,DEU,V2EK3,70,126,12,5,16,1,6,6,9,0,6.4
828,2021-07-01T00:01:33.000Z,5,244112000,NLD,PCXP,90,15,2,2,2,0,9,28,13,0,1.7
829,2021-07-01T00:01:33.000Z,5,245693000,DEU,PDTI,52,15,15,1,12,1,6,28,22,0,2.5
830,2021-07-01T00:01:33.000Z,5,245693000,DNK,PDTI,52,15,15,1,12,1,6,28,22,0,2.5
831,2021-07-01T00:01:34.000Z,5,257173700,NOR,LJMV,69,7,7,2,3,1,1,1,1,1,0
832,2021-07-01T00:01:34.000Z,5,219005465,DNK,OVTL2,50,8,9,2,2,1,5,9,0,1,1.6
833,2021-07-01T00:01:34.000Z,5,257365500,SWE,LF5378,30,7,3,3,2,0,3,8,8,0,2.5
834,2021-07-01T00:01:34.000Z,5,257126540,NOR,LGBE,51,6,11,2,2,1,3,21,12,34,1.1
835,2021-07-01T00:01:34.000Z,5,257126540,SWE,LGBE,51,6,11,2,2,1,3,21,12,34,1.1
836,2021-07-01T00:01:34.000Z,5,218858000,DEU,DMLS,70,76,13,6,6,1,7,1,5,0,3.9
837,2021-07-01T00:01:34.000Z,5,255805984,NOR,CQIK4,79,127,13,10,10,1,6,30,22,0,5.2
838,2021-07-01T00:01:35.000Z,5,244641000,DNK,PCTO,33,42,16,3,12,1,6,13,23,0,3.8
839,2021-07-01T00:01:35.000Z,5,211337780,DEU,DICZ,36,24,0,2,4,1,6,30,17,0,2.9
840,2021-07-01T00:01:35.000Z,5,232015045,NOR,MCYF5,30,52,35,2,16,1,8,19,8,0,7
841,2021-07-01T00:01:35.000Z,5,244215000,DEU,PEAI,33,57,10,10,2,1,6,18,0,0,1.3
842,2021-07-01T00:01:35.000Z,5,261182611,POL,SR2611,89,50,7,2,6,0,7,1,0,30,1.4
843,2021-07-01T00:01:35.000Z,5,244870072,DNK,PDCI,33,120,23,11,10,1,6,29,18,0,8.5
844,2021-07-01T00:01:35.000Z,5,636015859,DEU,D5DE9,73,195,75,26,16,1,6,29,21,0,12
845,2021-07-01T00:01:36.000Z,5,255806372,NLD,CQEF9,70,90,15,4,11,0,7,5,20,0,3.7
846,2021-07-01T00:01:36.000Z,5,236734000,DEU,ZDRK5,59,36,57,6,12,6,6,25,4,0,5.9
847,2021-07-01T00:01:36.000Z,5,566222000,POL,9V8834,70,121,17,13,8,1,6,30,6,0,8.3
848,2021-07-01T00:01:36.000Z,5,277354000,DNK,LYSK,30,35,15,4,4,1,4,23,19,0,6
849,2021-07-01T00:01:36.000Z,5,277354000,SWE,LYSK,30,35,15,4,4,1,4,23,19,0,6
850,2021-07-01T00:01:36.000Z,5,244084000,NLD,PHXT,50,21,20,3,4,0,9,23,2,0,2.7
851,2021-07-01T00:01:36.000Z,5,477539200,DNK,VRTH3,80,226,49,26,22,1,7,16,13,30,13
852,2021-07-01T00:01:36.000Z,5,477539200,DEU,VRTH3,80,226,49,26,22,1,7,16,13,30,13
853,2021-07-01T00:01:36.000Z,5,211221870,DEU,DJNT,69,12,19,2,4,1,1,1,1,1,0
854,2021-07-01T00:01:36.000Z,5,219000647,DNK,XPC5035,90,8,7,2,3,1,6,29,0,0,2
855,2021-07-01T00:01:36.000Z,5,219629000,DNK,OWYZ2,71,146,253,30,30,1,6,30,2,0,11.9
856,2021-07-01T00:01:36.000Z,5,211643350,DEU,DG3057,33,15,6,8,13,1,1,1,0,0,1.6
857,2021-07-01T00:01:37.000Z,5,249997000,NOR,9HA4470,80,203,47,25,19,1,6,29,21,30,8.5
858,2021-07-01T00:01:37.000Z,5,305502000,DNK,V2QD5,70,76,12,7,6,1,6,28,9,0,4.1
859,2021-07-01T00:01:37.000Z,5,244013009,SWE,PDLL,89,100,15,8,8,1,7,1,21,30,7.1
860,2021-07-01T00:01:37.000Z,5,245431000,DEU,PBGI,52,15,7,4,4,1,6,29,14,0,2.2
861,2021-07-01T00:01:38.000Z,5,576483000,DEU,YJQG9,0,40,8,2,6,1,6,29,13,0,3.2
862,2021-07-01T00:01:38.000Z,5,231766000,DNK,OZ2096,70,74,21,10,6,1,7,2,6,0,4.6
863,2021-07-01T00:01:38.000Z,5,248717000,DEU,9HA4777,60,40,283,22,22,1,6,3,18,30,8.1
864,2021-07-01T00:01:38.000Z,5,273314430,LTU,UAQG,70,111,21,8,8,3,7,2,19,0,4.5
865,2021-07-01T00:01:39.000Z,5,258210000,NOR,LLNV,65,26,82,8,8,1,6,26,16,34,4
866,2021-07-01T00:01:39.000Z,5,248717000,DNK,9HA4777,60,40,283,22,22,1,6,3,18,30,8.1
867,2021-07-01T00:01:39.000Z,5,245815000,DEU,PFOC,70,70,10,7,3,1,6,26,12,0,3
868,2021-07-01T00:01:39.000Z,5,248275000,DNK,9HA4591,79,71,19,6,10,1,6,28,4,0,5.4
869,2021-07-01T00:01:39.000Z,5,257275900,SWE,SCAD,99,10,25,3,4,3,4,2,20,30,0.4
870,2021-07-01T00:01:39.000Z,5,211206980,DEU,DBBH,90,50,48,6,11,1,6,28,7,0,5.6
871,2021-07-01T00:01:40.000Z,5,636015816,DEU,D5CZ4,70,203,26,11,21,1,6,28,15,0,13.2
872,2021-07-01T00:01:40.000Z,5,244770397,NLD,PH9191,37,9,6,3,1,0,10,28,17,0,1.2
873,2021-07-01T00:01:40.000Z,5,244130689,FIN,PDFR,71,148,47,13,13,1,7,2,4,0,6.8
874,2021-07-01T00:01:40.000Z,5,257760600,NOR,LG8554,30,3,6,2,2,0,1,1,1,1,0
875,2021-07-01T00:01:40.000Z,5,236111603,DEU,ZDJJ8,70,75,11,6,6,1,7,1,7,0,4.4
876,2021-07-01T00:01:40.000Z,5,244790522,DEU,PCUP,84,85,15,7,10,1,6,27,6,0,6.7
877,2021-07-01T00:01:40.000Z,5,244740097,DEU,PI7902,0,70,10,2,47,0,7,6,6,23,0
878,2021-07-01T00:01:40.000Z,5,314020000,DNK,8PLR,79,70,13,5,6,1,7,1,3,0,3.1
879,2021-07-01T00:01:40.000Z,5,314020000,SWE,8PLR,79,70,13,5,6,1,7,1,3,0,3.1
880,2021-07-01T00:01:40.000Z,5,258829000,DNK,LAYK7,70,76,13,10,4,1,7,2,18,0,5.8
881,2021-07-01T00:01:40.000Z,5,258829000,SWE,LAYK7,70,76,13,10,4,1,7,2,18,0,5.8
882,2021-07-01T00:01:40.000Z,5,273314430,RUS,UAQG,70,111,21,8,8,3,7,2,19,0,4.5
883,2021-07-01T00:01:41.000Z,5,351074000,SWE,3FAS5,74,147,43,20,10,1,6,26,6,30,8.7
884,2021-07-01T00:01:41.000Z,5,211806620,DEU,DELW,59,16,12,2,4,0,6,22,10,0,2
885,2021-07-01T00:01:41.000Z,5,219007606,DNK,OU6719,30,3,7,2,2,1,11,14,0,0,0
886,2021-07-01T00:01:41.000Z,5,244190013,NLD,PCNW,51,8,7,3,2,0,10,25,13,30,0.8
887,2021-07-01T00:01:41.000Z,5,244780123,NLD,PH7466,37,14,6,3,3,0,8,31,17,8,0
888,2021-07-01T00:01:41.000Z,5,215373000,NLD,9HA5083,37,19,30,6,3,0,6,30,10,0,2.5
889,2021-07-01T00:01:42.000Z,5,244579000,NLD,PBYC,55,14,24,8,1,0,6,18,19,0,1.5
890,2021-07-01T00:01:42.000Z,5,269112910,DEU,HBY5341,37,15,20,4,4,1,6,23,12,0,2.5
891,2021-07-01T00:01:42.000Z,5,244780050,DEU,PG5601,79,33,9,3,4,0,8,25,12,0,0.2
892,2021-07-01T00:01:42.000Z,5,244670699,NLD,PD6779,60,25,60,5,5,0,2,24,13,0,1.7
893,2021-07-01T00:01:42.000Z,5,257017290,NOR,LEMZ,60,65,57,7,10,1,3,21,12,34,4
894,2021-07-01T00:01:42.000Z,5,314220000,DEU,8PTC,79,80,8,7,6,1,7,1,18,0,3.6
895,2021-07-01T00:01:43.000Z,5,244690569,DEU,PH2579,79,86,0,4,6,0,4,14,16,42,1
896,2021-07-01T00:01:43.000Z,5,211710650,DEU,DCPL2,52,12,12,5,6,1,6,4,15,30,5.5
897,2021-07-01T00:01:43.000Z,5,261458000,POL,SOWW,35,6,20,2,5,1,8,25,19,0,3.5
898,2021-07-01T00:01:43.000Z,5,211216490,DEU,DADR,52,12,16,5,4,1,6,23,17,0,4.4
899,2021-07-01T00:01:43.000Z,5,219622000,DNK,OZMH2,69,70,40,13,13,1,12,30,23,39,4.8
900,2021-07-01T00:01:43.000Z,5,219622000,SWE,OZMH2,69,70,40,13,13,1,12,30,23,39,4.8
901,2021-07-01T00:01:43.000Z,5,211463520,DEU,DIYB,52,5,23,5,3,1,8,8,16,0,3
902,2021-07-01T00:01:43.000Z,5,235069624,DEU,2BVG5,69,9,12,4,2,1,3,21,15,0,1.8
903,2021-07-01T00:01:43.000Z,5,577266000,NLD,YJTW4,90,20,9,5,3,0,6,24,10,0,3.5
904,2021-07-01T00:01:43.000Z,5,219230000,SWE,OVIC2,69,40,70,14,14,1,12,6,18,0,5
905,2021-07-01T00:01:43.000Z,5,219230000,DNK,OVIC2,69,40,70,14,14,1,12,6,18,0,5
906,2021-07-01T00:01:44.000Z,5,265009000,SWE,SEYB,90,30,40,9,7,1,6,13,23,0,5.8
907,2021-07-01T00:01:44.000Z,5,244670102,DEU,PD5117,80,86,0,5,5,0,6,20,23,23,3
908,2021-07-01T00:01:44.000Z,5,231074000,DNK,OZ2070,90,20,35,4,8,1,6,19,9,0,3.2
909,2021-07-01T00:01:44.000Z,5,576046000,DNK,YJVZ2,99,0,0,0,0,1,5,29,11,0,3.6
910,2021-07-01T00:01:44.000Z,5,219007679,DNK,OUGQ,35,14,15,2,5,1,7,7,7,7,2.7
911,2021-07-01T00:01:44.000Z,5,244660038,NLD,PE3020,70,63,0,4,4,0,4,6,22,59,3
912,2021-07-01T00:01:44.000Z,5,220614000,DNK,OUOH2,80,68,22,4,11,1,6,30,20,30,5.6
913,2021-07-01T00:01:45.000Z,5,305690000,SWE,V2FJ2,0,111,19,10,7,1,7,2,4,0,5.7
914,2021-07-01T00:01:45.000Z,5,219013739,DNK,XPE2066,36,9,2,2,2,0,7,3,10,30,1.6
915,2021-07-01T00:01:45.000Z,5,538008262,NOR,V7A2157,80,150,33,9,21,1,6,22,21,0,7.1
916,2021-07-01T00:01:45.000Z,5,220334000,DNK,XP2359,30,15,0,2,2,1,12,12,0,0,25.5
917,2021-07-01T00:01:45.000Z,5,257076220,DNK,LAHX8,70,82,7,6,7,1,6,30,10,0,5.8
918,2021-07-01T00:01:45.000Z,5,219002586,DNK,OU8709,30,10,4,2,2,1,1,1,0,0,0
919,2021-07-01T00:01:46.000Z,5,244007000,NLD,PCAB,36,25,11,1,5,0,4,12,12,0,2.7
920,2021-07-01T00:01:46.000Z,5,219019887,DNK,OWNX,0,50,50,9,9,1,2,28,22,46,2.9
921,2021-07-01T00:01:46.000Z,5,244190095,NLD,PDLG,40,13,8,2,4,0,2,19,9,0,1.7
922,2021-07-01T00:01:46.000Z,5,211595610,DEU,DC4782,60,30,30,7,7,0,12,31,23,20,2.7
923,2021-07-01T00:01:46.000Z,5,266262000,DEU,SKIH,69,11,172,14,14,1,7,1,9,15,7.1
924,2021-07-01T00:01:46.000Z,5,229561000,DNK,9HA3407,82,114,29,11,10,1,7,2,8,0,7.1
925,2021-07-01T00:01:46.000Z,5,219689000,DNK,OWCZ,30,30,10,3,6,1,2,20,6,0,6.5
926,2021-07-01T00:01:46.000Z,5,245119000,NLD,PHCG,59,21,9,6,6,0,5,4,6,0,1.5
927,2021-07-01T00:01:47.000Z,5,566222000,DEU,9V8834,70,121,17,13,8,1,6,30,6,0,8.3
928,2021-07-01T00:01:47.000Z,5,219014412,DNK,OXUX2,33,10,17,4,5,1,8,12,12,0,2.2
929,2021-07-01T00:01:47.000Z,5,257081000,DNK,LANS7,80,75,7,7,6,1,7,1,23,0,4.6
930,2021-07-01T00:01:47.000Z,5,538003646,DNK,V7SG3,34,31,85,14,8,1,6,30,23,0,6.5
931,2021-07-01T00:01:47.000Z,5,211727510,DEU,DKDF2,69,22,148,15,12,1,12,31,0,0,5.2
932,2021-07-01T00:01:47.000Z,5,255623000,DEU,CQSF,80,94,25,14,3,1,7,1,22,15,6.8
933,2021-07-01T00:01:47.000Z,5,563101700,DNK,9V6249,80,82,17,4,13,1,6,30,6,0,6.1
934,2021-07-01T00:01:47.000Z,5,563101700,SWE,9V6249,80,82,17,4,13,1,6,30,6,0,6.1
935,2021-07-01T00:01:47.000Z,5,311000330,DEU,C6BP8,69,18,150,18,10,1,7,1,3,40,6.4
936,2021-07-01T00:01:47.000Z,5,311000330,DNK,C6BP8,69,18,150,18,10,1,7,1,3,40,6.4
937,2021-07-01T00:01:47.000Z,5,311000330,SWE,C6BP8,69,18,150,18,10,1,7,1,3,40,6.4
938,2021-07-01T00:01:47.000Z,5,219016873,DNK,OZRT2,40,10,15,3,3,4,6,17,19,0,2
939,2021-07-01T00:01:48.000Z,5,211267780,NOR,DFAC,30,21,10,1,7,1,9,23,14,0,3
940,2021-07-01T00:01:48.000Z,5,244557000,DNK,PHNX,70,74,15,6,6,1,7,1,22,0,5.5
941,2021-07-01T00:01:48.000Z,5,236481000,DNK,ZDIS8,71,127,7,11,12,1,7,1,13,0,7.9
942,2021-07-01T00:01:48.000Z,5,211890000,POL,DJEH,69,10,58,4,6,1,8,12,18,30,2.4
943,2021-07-01T00:01:48.000Z,5,269057061,NLD,HE7060,90,31,79,7,5,0,1,3,8,6,0.2
944,2021-07-01T00:01:48.000Z,5,211290000,DEU,DFMD,30,19,4,3,3,1,1,1,0,0,0
945,2021-07-01T00:01:48.000Z,5,244615594,NLD,PA2018,90,98,12,4,8,0,6,30,16,41,0
946,2021-07-01T00:01:48.000Z,5,566579000,NLD,9V3281,80,149,35,22,6,0,7,5,23,0,7.3
947,2021-07-01T00:01:49.000Z,5,740339000,DNK,ZDLP,99,44,56,9,9,1,4,11,11,0,6.3
948,2021-07-01T00:01:49.000Z,5,258728000,NOR,LAJL6,90,40,90,15,13,1,6,22,20,0,6.3
949,2021-07-01T00:01:49.000Z,5,246670000,SWE,PBYB,70,100,14,7,7,0,6,29,15,0,3.7
950,2021-07-01T00:01:49.000Z,5,246670000,DNK,PBYB,70,100,14,7,7,0,6,29,15,0,3.7
951,2021-07-01T00:01:49.000Z,5,258144000,NOR,LIHI,70,11,12,3,3,1,3,21,12,34,0
952,2021-07-01T00:01:49.000Z,5,308445000,DEU,C6VE9,60,50,142,14,14,1,2,10,15,0,7.1
953,2021-07-01T00:01:49.000Z,5,636092846,DEU,D5QM5,70,120,12,6,10,1,4,27,11,0,4.5
954,2021-07-01T00:01:49.000Z,5,205294000,NLD,OPWZ,30,10,9,3,4,0,6,15,10,0,3.5
955,2021-07-01T00:01:49.000Z,5,304010366,DEU,V2HO,79,56,12,8,3,1,7,2,17,0,2.7
956,2021-07-01T00:01:49.000Z,5,258573000,NOR,LANU,60,47,47,8,8,1,3,21,12,34,3.7
957,2021-07-01T00:01:49.000Z,5,258003760,NOR,LGLK,58,9,13,3,4,1,1,1,1,1,0
958,2021-07-01T00:01:49.000Z,5,211626290,DEU,DF8347,33,14,5,3,2,0,1,1,0,0,1.1
959,2021-07-01T00:01:49.000Z,5,257030000,NOR,LESS,50,12,6,3,3,1,3,30,19,0,1.1
960,2021-07-01T00:01:49.000Z,5,353197000,DEU,HO8081,70,59,6,5,6,1,5,11,20,0,1.8
961,2021-07-01T00:01:50.000Z,5,269057711,NLD,HE7711,60,5,130,11,6,0,5,3,18,0,1.7
962,2021-07-01T00:01:50.000Z,5,232013113,SWE,MCJD8,30,18,10,4,4,1,6,28,7,0,0
963,2021-07-01T00:01:50.000Z,5,273299950,SWE,UBFW5,70,126,11,14,5,1,7,8,23,0,5.7
964,2021-07-01T00:01:50.000Z,5,246358000,DNK,PCBO,79,108,20,8,8,1,7,4,12,0,6.6
965,2021-07-01T00:01:50.000Z,5,305537000,DNK,V2ES6,70,99,16,3,13,1,7,5,7,0,4.5
966,2021-07-01T00:01:50.000Z,5,305537000,DEU,V2ES6,70,99,16,3,13,1,7,5,7,0,4.5
967,2021-07-01T00:01:50.000Z,5,246248000,DEU,PDGZ,79,72,16,7,7,1,6,26,16,0,6.4
968,2021-07-01T00:01:50.000Z,5,304010366,DNK,V2HO,79,56,12,8,3,1,7,2,17,0,2.7
969,2021-07-01T00:01:50.000Z,5,246873000,DEU,PCPU,70,14,94,8,8,1,7,1,6,0,4.1
970,2021-07-01T00:01:50.000Z,5,246873000,DNK,PCPU,70,14,94,8,8,1,7,1,6,0,4.1
971,2021-07-01T00:01:50.000Z,5,211320900,DEU,DK3730,99,7,6,2,2,0,1,1,11,11,0.2
972,2021-07-01T00:01:51.000Z,5,244850687,DEU,PA5808,0,0,0,0,0,0,10,19,10,46,1
973,2021-07-01T00:01:51.000Z,5,232013113,DNK,MCJD8,30,18,10,4,4,1,6,28,7,0,0
974,2021-07-01T00:01:51.000Z,5,273299950,EST,UBFW5,70,126,11,14,5,1,7,8,23,0,5.7
975,2021-07-01T00:01:51.000Z,5,259395000,NOR,LNDY,60,19,29,12,0,1,3,21,12,34,5
976,2021-07-01T00:01:51.000Z,5,209210000,DEU,5BXU4,89,85,9,6,7,1,7,2,3,0,4.2
977,2021-07-01T00:01:51.000Z,5,259908000,NOR,LCON,52,10,18,5,5,1,6,23,8,30,4.2
978,2021-07-01T00:01:52.000Z,5,219000191,DNK,OVMT,51,12,12,2,4,1,2,21,13,0,2.5
979,2021-07-01T00:01:52.000Z,5,211224560,DEU,DQKT,33,48,17,6,6,1,6,25,15,0,1.8
980,2021-07-01T00:01:52.000Z,5,211588680,DEU,DD7445,52,6,17,2,2,0,8,25,0,0,2.8
981,2021-07-01T00:01:52.000Z,5,258129000,DNK,LEGD,70,12,58,8,4,1,6,20,12,0,4.2
982,2021-07-01T00:01:52.000Z,5,244944000,SWE,PDSV,89,96,21,12,6,1,7,1,21,0,6.8
983,2021-07-01T00:01:52.000Z,5,304407000,DEU,V2BY9,70,85,15,7,6,1,6,29,20,0,4.5
984,2021-07-01T00:01:52.000Z,5,218298000,DEU,DFKL,99,14,25,4,4,1,5,18,14,0,3
985,2021-07-01T00:01:53.000Z,5,244060659,DNK,PCUO,33,20,64,5,14,1,6,9,12,0,5
986,2021-07-01T00:01:53.000Z,5,211224560,DNK,DQKT,33,48,17,6,6,1,6,25,15,0,1.8
987,2021-07-01T00:01:53.000Z,5,257957000,NOR,LDWW,90,20,62,8,9,1,7,1,9,0,5.7
988,2021-07-01T00:01:53.000Z,5,219121000,DNK,OUOS,30,31,9,1,7,1,3,23,0,0,0
989,2021-07-01T00:01:53.000Z,5,255805753,DEU,CQCC,80,79,22,8,8,1,6,30,18,0,5.4
990,2021-07-01T00:01:54.000Z,5,209681000,DNK,5BHH5,70,75,14,2,11,1,6,29,10,0,3.8
991,2021-07-01T00:01:54.000Z,5,209988000,SWE,5BNB5,60,21,151,4,22,1,4,29,13,0,5.1
992,2021-07-01T00:01:54.000Z,5,219001266,DNK,OYOT,60,39,1,3,4,1,6,26,13,0,2.9
993,2021-07-01T00:01:54.000Z,5,211778450,DEU,DK8241,99,11,19,2,7,0,4,17,12,0,0
994,2021-07-01T00:01:54.000Z,5,247353800,DNK,IBGU,60,40,260,24,24,1,6,30,17,0,8.3
995,2021-07-01T00:01:54.000Z,5,247353800,SWE,IBGU,60,40,260,24,24,1,6,30,17,0,8.3
996,2021-07-01T00:01:54.000Z,5,219438000,DNK,XPC8537,90,30,30,30,30,1,9,6,10,22,0
997,2021-07-01T00:01:55.000Z,5,244910000,SWE,PBAB,70,98,13,11,4,1,7,6,8,0,6.2
998,2021-07-01T00:01:55.000Z,5,209515000,DNK,5BEG5,79,152,18,13,14,0,7,2,13,0,9.4
